Cohort	Gene	Variants	Transcript	exon	cDNA_mut	AA_mut
Germline	DNMT3A	DNMT3A	NM_022552	exon8	c.G892C	p.G298R
Germline	TET2	TET2	NM_001127208	exon10	c.C4318T	p.R1440W
Germline	TET2	TET2	NM_001127208	exon11	c.G5978A	p.R1993Q
Germline	TET2	TET2	NM_001127208	exon10	c.A4334G	p.Q1445R
Germline	TET2	TET2	NM_001127208	exon3	c.C3365A	p.T1122K
Germline	TET2	TET2	NM_001127208	exon3	c.C3326T	p.S1109F
Germline	TET2	TET2	NM_001127208	exon10	c.G4276A	p.V1426M
Germline	TET2	TET2	NM_001127208	exon11	c.C5879T	p.S1960L
Germline	TET2	TET2	NM_001127208	exon6	c.C3737T	p.S1246L
Germline	TET2	TET2	NM_001127208	exon10	c.G4319A	p.R1440Q
Germline	TP53	TP53	NM_001126112	exon4	c.C328T	p.R110C
UKB	ASXL1	ASXL1	NM_015338	exon12	c.C4548A	p.C1516X
UKB	ASXL1	ASXL1	NM_015338	exon12	c.C4508A	p.S1503X
UKB	ASXL1	ASXL1	NM_015338	exon11	c.C1347A	p.Y449X
UKB	ASXL1	ASXL1	NM_015338	exon11	c.C1109A	p.S370X
UKB	ASXL1	ASXL1	NM_015338	exon12	c.C3279A	p.C1093X
UKB	ASXL1	ASXL1	NM_015338	exon12	c.C3261A	p.Y1087X
UKB	ASXL1	ASXL1	NM_015338	exon12	c.C2616A	p.C872X
UKB	ASXL1	ASXL1	NM_015338	exon12	c.C2873A	p.S958X
UKB	ASXL1	ASXL1	NM_015338	exon12	c.C2708A	p.S903X
UKB	ASXL1	ASXL1	NM_015338	exon12	c.C1896A	p.C632X
UKB	PPM1D	PPM1D	NM_003620	exon6	c.C1508A	p.S503X
UKB	TET2	TET2	NM_001127208	exon11	c.C5885T	p.P1962L
UKB	TET2	TET2	NM_001127208	exon11	c.C5939T	p.T1980I
UKB	TET2	TET2	NM_001127208	exon11	c.T5890C	p.Y1964H
UKB	TET2	TET2	NM_001127208	exon6	c.A3779G	p.N1260S
UKB	TET2	TET2	NM_001127208	exon10	c.G4267C	p.V1423L
UKB	TET2	TET2	NM_001127208	exon10	c.G4343A	p.S1448N
UKB	TET2	TET2	NM_001127208	exon7	c.G3814A	p.A1272T
UKB	TET2	TET2	NM_001127208	exon6	c.C3609G	p.S1203R
UKB	TET2	TET2	NM_001127208	exon11	c.C5547A	p.D1849E
UKB	TET2	TET2	NM_001127208	exon11	c.C5866A	p.P1956T
UKB	TET2	TET2	NM_001127208	exon11	c.C5884A	p.P1962T
UKB	TET2	TET2	NM_001127208	exon11	c.C5645A	p.A1882D
UKB	TET2	TET2	NM_001127208	exon3	c.T3347C	p.I1116T
UKB	TET2	TET2	NM_001127208	exon11	c.A6000T	p.R2000S
UKB	TET2	TET2	NM_001127208	exon11	c.C5809A	p.P1937T
UKB	TET2	TET2	NM_001127208	exon11	c.C5896A	p.R1966S
UKB	TET2	TET2	NM_001127208	exon11	c.C5774A	p.A1925D
UKB	TET2	TET2	NM_001127208	exon11	c.G5581A	p.G1861R
UKB	TET2	TET2	NM_001127208	exon11	c.G5777A	p.R1926H
UKB	TET2	TET2	NM_001127208	exon11	c.C5814A	p.D1938E
UKB	TET2	TET2	NM_001127208	exon11	c.C5857A	p.P1953T
UKB	TET2	TET2	NM_001127208	exon11	c.G5626A	p.A1876T
UKB	TET2	TET2	NM_001127208	exon11	c.C5594A	p.A1865D
UKB	TET2	TET2	NM_001127208	exon11	c.C5641A	p.H1881N
UKB	TET2	TET2	NM_001127208	exon11	c.C5744A	p.A1915D
UKB	TET2	TET2	NM_001127208	exon11	c.C5876A	p.T1959N
UKB	TP53	TP53	NM_001126112	exon5	c.G524A	p.R175H
UKB	TP53	TP53	NM_001126112	exon5	c.G542A	p.R181H
UKB	TP53	TP53	NM_001126112	exon5	c.C504A	p.H168Q
UKB	U2AF1	U2AF1	NM_006758		c.G467A	p.R156H
All of Us	ASXL1	ASXL1	NM_015338	exon12	c.T4368G	p.Y1456X
All of Us	U2AF1	U2AF1	NM_006758		c.G104T	p.R35L
