sgRNA_ID,sgRNA_seq,Mut_type,Domain,Mutation_list,sgRNA_score_d9_citrine_positive,Hit_status
DNMT3A2_486,GCCCCACTCCTGGATCTGGG,Nonsense,MTase,W698*,1.75105117171157,enriched
DNMT3A2_456,ACACCTCCGAGGCAATGTAG,Missense,MTase,"E664K, V665M",1.73552244072437,enriched
DNMT3A2_335,AGTTCTAGACAGCAGCGGGA,Splice,Splice,None,1.64569018066253,enriched
DNMT3A2_532,TCTCAAAGAGCCAGAAGAAG,Missense,MTase,E756K,1.63504724512201,enriched
DNMT3A2_339,GCGTACCAGTACGACGACGA,Nonsense,ADD,Q527*,1.60153748937702,enriched
DNMT3A2_522,ACCGCCTCCTGCATGATGCG,Missense,MTase,L737F,1.59845311467691,enriched
DNMT3A2_565,CCAACCTGTTCATACCGGGA,Splice,Splice,R803K,1.56144958330436,enriched
DNMT3A2_334,GTTCTAGACAGCAGCGGGAA,Splice,Splice,None,1.55492935285944,enriched
DNMT3A2_302,TGTCTGGAAAGCAGAGGGAG,Splice,Splice,None,1.54645097710443,enriched
DNMT3A2_304,GATGTCTGGAAAGCAGAGGG,Splice,Splice,None,1.51587929674578,enriched
DNMT3A2_303,ATGTCTGGAAAGCAGAGGGA,Splice,Splice,None,1.50503659538095,enriched
DNMT3A2_428,CATCAAAGAGAGACAGCACC,Missense,MTase,D641N,1.45568175614166,enriched
DNMT3A2_066,GGAGTCTCAGAAGGTGGAGG,Nonsense,Nterm,"S236F, Q237*",1.4533419860903,enriched
DNMT3A2_145,TCCGAACCACATGACCCAGC,Nonsense,PWWP,W330*,1.42484318591238,enriched
DNMT3A2_550,TTGGACTACAAAACAGGAGA,Splice,Splice,None,1.39217061680671,enriched
DNMT3A2_534,ATTCTCAAAGAGCCAGAAGA,Missense,MTase,E756K,1.35693784054489,enriched
DNMT3A2_151,ATTCTCAGTGGTAAGTTGTG,Missense,PWWP,S337L,1.34341624975783,enriched
DNMT3A2_462,GGACTCCATCACGGTGGGCA,Missense,MTase,S669F,1.3130930685326,enriched
DNMT3A2_146,CTCCGAACCACATGACCCAG,Nonsense,PWWP,"W330*, G332R",1.28260735847106,enriched
DNMT3A2_480,GGAGGATAAAGGCAACGTGA,No_C/Non-exon,Intron,None,1.28020366523155,enriched
DNMT3A2_636,GAGACGTCAGTATAGTGGAC,Missense,MTase,"D876N, V877I",1.2652168699013,enriched
DNMT3A2_533,TTCTCAAAGAGCCAGAAGAA,Missense,MTase,E756K,1.25018718000907,enriched
DNMT3A2_615,TGTCTTCATGAATGAGAAAG,Silent,MTase,None,1.21408863855849,enriched
DNMT3A2_118,GCTCCCCAATGCCAAAGCCC,Missense,PWWP,"G293K, E294K",1.21161357040842,enriched
DNMT3A2_557,AGAAGTGTCAGCTGCACACA,No_C/Exon,MTase,None,1.17166864840401,enriched
DNMT3A2_520,GCCGGCCAGTGCCCTCTGAG,Missense,MTase,G728N,1.13375567775252,enriched
DNMT3A2_305,GCAGATGTCTGGAAAGCAGA,No_C/Exon,ADD,None,1.12817907329355,enriched
DNMT3A2_521,GGTAGAACTCAAAGAAGAGC,Silent,MTase,None,1.12132268784915,enriched
DNMT3A2_322,ATGTGCCAAAACTGCAAGGT,Nonsense,ADD,Q515*,1.07949877864636,enriched
DNMT3A2_149,AAATTCTCAGTGGTAAGTTG,Missense,PWWP,S337L,1.07630606559591,enriched
DNMT3A2_426,AAGAGAGACAGCACCCGGAT,No_C/Exon,MTase,None,1.06198312340303,enriched
DNMT3A2_300,GGAAAGCAGAGGGAGGGGAT,Non-exon,Intron,None,1.05901371651754,enriched
DNMT3A2_458,GGAGTCCTCACACACCTCCG,Missense,MTase,D668N,1.04814407100061,enriched
DNMT3A2_487,TGGGCCCCACTCCTGGATCT,Nonsense,MTase,"W698*, G699N",1.02342442673305,enriched
DNMT3A2_562,GAAGGTTACCCCAGAAGTAG,No_C/Exon,MTase,None,0.99113655544036,enriched
DNMT3A2_137,TGTCTTGGTGGATGACGGGC,Missense,PWWP,S312F,0.956100247772697,enriched
DNMT3A2_245,CTCTTCTGGAGGAGGAAAGC,Splice,Splice,None,0.946177235937783,enriched
DNMT3A2_244,GAGGAGGAAAGCAGGTGCCA,No_C/Non-exon,Intron,None,0.940326376386876,enriched
DNMT3A2_482,TCCTGGATCTGGGAGGATAA,No_C/Exon,MTase,None,0.928271924952937,enriched
DNMT3A2_336,AAGCAGTTCTAGACAGCAGC,Missense,ADD,C520Y,0.915777268859772,enriched
DNMT3A2_635,AGACGTCAGTATAGTGGACT,Missense,MTase,"D876N, V877I",0.912735799675051,enriched
DNMT3A2_631,TGGGAAACCAAATACCCTGG,Missense,MTase,G869D,0.909494547965452,enriched
DNMT3A2_168,TCAGCTTCTCAACACACACC,Silent,PWWP,None,0.90905738456219,enriched
DNMT3A2_402,CACTCACAAATTCCTGGTCG,Splice,Splice,None,0.903934256868688,enriched
DNMT3A2_592,CTGCAGGAGTGTCTGGAGCA,Nonsense,MTase,Q816*,0.874551418132839,enriched
DNMT3A2_150,AATTCTCAGTGGTAAGTTGT,Missense,PWWP,S337L,0.863940018895282,enriched
DNMT3A2_564,GTAACCTTCCCGGTATGAAC,Missense,MTase,L798F,0.863492384050997,enriched
DNMT3A2_278,CTCTGCAAGGGGAGGAGAGC,Non-exon,Intron,None,0.861858934779462,enriched
DNMT3A2_434,TCGCTACAGGTGAGGGGTGC,Missense,MTase,"A644V, T645I",0.85158807180837,enriched
DNMT3A2_491,GGCCCATTCGATCTGGTGAT,Missense,MTase,P700L,0.84209697766171,enriched
DNMT3A2_318,CACATTCCTCCAACGAAGAG,Missense,ADD,G512K,0.822615399216182,enriched
DNMT3A2_065,CGGGGAGTCTCAGAAGGTGG,No_C/Exon,Nterm,None,0.808797611707042,enriched
DNMT3A2_566,CCTTCCCGGTATGAACAGGT,Missense,MTase,P799F,0.797565359017803,enriched
DNMT3A2_644,CGAGGCAGAGACTGCTGGGC,Nonsense,MTase,Q886*,0.78855460437565,enriched
DNMT3A2_727,TATTGCGAACCGAATGTACG,Intergenic,Control,None,0.762329621473601,enriched
DNMT3A2_134,TCATCCACCAAGACACAATG,Nonsense,PWWP,"W313*, W314*",0.755189134976284,enriched
DNMT3A2_461,TGTGAGGACTCCATCACGGT,No_C/Exon,MTase,None,0.716675738687828,enriched
DNMT3A2_464,CCATCACGGTGGGCATGGTG,Missense,MTase,T671M,0.714198954687721,enriched
DNMT3A2_614,TCTTTCTCATTCATGAAGAC,Missense,MTase,E854K,0.705059418698608,enriched
DNMT3A2_588,ATCCACTGTGAATGATAAGC,Missense,MTase,T808I,0.691161247248188,enriched
DNMT3A2_281,ACCAGCCGCTCTGCAAGGGG,Missense,Inter1,R478Q,0.690205783041574,enriched
DNMT3A2_317,ACATTCCTCCAACGAAGAGG,Missense,ADD,G512K,0.684537383362138,enriched
DNMT3A2_109,CCGGCCGTCCTGGAGCCCCA,Missense,Nterm,G287N,0.657807551405655,enriched
DNMT3A2_167,CAGCTTCTCAACACACACCT,Silent,PWWP,None,0.649213199923291,enriched
DNMT3A2_316,GAACACCCCCTCTTCGTTGG,Missense,ADD,"H506Y, P507F",0.623664033880879,enriched
DNMT3A2_306,TGCAGATGTCTGGAAAGCAG,No_C/Exon,ADD,None,0.623122863884393,enriched
DNMT3A2_619,CACTGAAATGGAAAGGTACC,No_C/Exon,MTase,None,0.614098609338969,enriched
DNMT3A2_175,GTACCGCAAAGCCATCTACG,Missense,Inter1,R366C,0.596685615161994,enriched
DNMT3A2_457,CATTGCCTCGGAGGTGTGTG,Missense,MTase,A662V,0.58849549242193,enriched
DNMT3A2_135,CATTGTGTCTTGGTGGATGA,No_C/Exon,PWWP,None,0.575505503558489,enriched
DNMT3A2_388,TGCGGGCACAAGGGTACCTA,Missense,ADD,H588Y,0.570403173249423,enriched
DNMT3A2_488,ATGGGCCCCACTCCTGGATC,Nonsense,MTase,"W698*, G699N",0.569674660352823,enriched
DNMT3A2_186,TCCTCCTCCGAGCTCCCAGC,Non-exon,Intron,None,0.545480286661626,enriched
DNMT3A2_164,CTTCTCAACACACACCTGGG,Missense,PWWP,E342K,0.543951549028049,enriched
DNMT3A2_479,GAGGATAAAGGCAACGTGAT,No_C/Non-exon,Intron,None,0.541685236121843,enriched
DNMT3A2_611,AGGTCAAACTCCATAAAGCA,Missense,MTase,S837L,0.533211932478858,enriched
DNMT3A2_432,GATGGAATCGCTACAGGTGA,No_C/Exon,MTase,None,0.532349373794041,enriched
DNMT3A2_561,AAGGTTACCCCAGAAGTAGC,Missense,MTase,G796D,0.5288955878978,enriched
DNMT3A2_128,AACTGCGGGGCTTCTCCTGG,Missense,PWWP,R301W,0.520849943285683,enriched
DNMT3A2_463,CCGCACCATGCCCACCGTGA,Missense,MTase,"M674I, V675I",0.51735520397923,enriched
DNMT3A2_587,TCATTCACAGTGGATGCCAA,Missense,MTase,V809I,0.508529381638,enriched
DNMT3A2_651,ACTCCTTCAGCGGAGCGAAG,Missense,MTase,E907K,0.507913692992932,enriched
DNMT3A2_337,AAAGCAGTTCTAGACAGCAG,Missense,ADD,C520Y,0.49586177599459,enriched
DNMT3A2_537,CTTTGAGAATGTGGTGGCCA,No_C/Exon,MTase,None,0.492373389196229,enriched
DNMT3A2_523,GCCGCGCATCATGCAGGAGG,Missense,MTase,A741T,0.492193728288991,enriched
DNMT3A2_556,AAGAAGTGTCAGCTGCACAC,No_C/Exon,MTase,None,0.468303465731169,enriched
DNMT3A2_639,CCTCGCCAAGCGGCTCATGT,Missense,MTase,A884T,0.465642408486692,enriched
DNMT3A2_656,CGTGTGTGTAAGGGACATGG,No_C/Exon,MTase,None,0.458072536076125,enriched
DNMT3A2_357,CTCCAGTGGTCTCCTTAGCT,Non-exon,Intron,None,0.453619103678512,enriched
DNMT3A2_363,TCCACGCAAAAGCACCTGGA,Missense,ADD,"C559Y, V560M",0.452212908898866,enriched
DNMT3A2_524,TGGGCCGCGCATCATGCAGG,Missense,MTase,R742Q,0.447142483743247,enriched
DNMT3A2_346,TACTGCACCATCTGCTGTGG,Missense,ADD,T538I,0.444427047975043,enriched
DNMT3A2_638,CGTCTCCAACATGAGCCGCT,Missense,MTase,S878F,0.44396217003772,enriched
DNMT3A2_152,CAGTGGTAAGTTGTGGGGTT,No_C/Exon,PWWP,None,0.442640873966261,enriched
DNMT3A2_155,TGGGGTTTGGCAGTAGCCTG,No_C/Non-exon,Intron,None,0.442167641985338,enriched
DNMT3A2_210,TGACACTGCCAAGGCCGTGG,Missense,Inter1,T395I,0.439321409979549,enriched
DNMT3A2_133,CAGGCCGCATTGTGTCTTGG,Missense,PWWP,R309C,0.438950111444403,enriched
DNMT3A2_497,ACGATGGAGAGGTCATTGCA,No_C/Exon,MTase,None,0.438104340049577,enriched
DNMT3A2_536,CTGGCTCTTTGAGAATGTGG,Missense,MTase,L754F,0.435674528061355,enriched
DNMT3A2_634,GACTGGGAAACCAAATACCC,No_C/Exon,MTase,None,0.422503279140546,unchanged
DNMT3A2_662,GCTCACCTGGCAGAAGCTGC,Essential,Control,None,0.416665895875007,unchanged
DNMT3A2_301,TGGAAAGCAGAGGGAGGGGA,Non-exon,Intron,None,0.415693630538451,unchanged
DNMT3A2_477,GTGTGCAGGGAGGGGAAGAC,Non-exon,Intron,None,0.415449278636912,unchanged
DNMT3A2_650,CCACCTCTTCGCTCCGCTGA,Missense,MTase,L901F,0.415047514481243,unchanged
DNMT3A2_542,GGACATCTCGCGATTTCTCG,Silent,MTase,None,0.411620887915013,unchanged
DNMT3A2_529,GGGCGATCATCTCCCTCCTT,Missense,MTase,"D748N, R749H",0.409087087316664,unchanged
DNMT3A2_115,GACGGCCGGGGCTTTGGCAT,Missense,Nterm,R288W,0.408560971053592,unchanged
DNMT3A2_289,CAGAAGTGCCGGAACATTGA,No_C/Exon,ADD,None,0.405040599774819,unchanged
DNMT3A2_546,TTAGTGAGCTGGCCAAACCA,No_C/Non-exon,Intron,None,0.400326628877465,unchanged
DNMT3A2_051,AAGAAAGCCAAGGTCATTGC,Missense,Nterm,A218V,0.396816276431558,unchanged
DNMT3A2_136,ATTGTGTCTTGGTGGATGAC,Missense,PWWP,S312F,0.396796150151722,unchanged
DNMT3A2_653,TTGCGTGTGTGTAAGGGACA,Missense,MTase,A910V,0.3923436864285,unchanged
DNMT3A2_372,GGACCTCTTGGTGGGGCCGG,Missense,ADD,L565F,0.391892162239343,unchanged
DNMT3A2_535,CTTCTGGCTCTTTGAGAATG,Missense,MTase,L754F,0.391028308237324,unchanged
DNMT3A2_284,CGTACACCAGCCGCTCTGCA,Missense,Inter1,V480I,0.382961514376255,unchanged
DNMT3A2_652,CACGCAAAATACTCCTTCAG,Missense,MTase,A910T,0.382505981748281,unchanged
DNMT3A2_258,CTCCACCAGCCAAAAAGCCC,Missense,Inter1,"P452L, P453L",0.378535709167841,unchanged
DNMT3A2_467,TGGGCATGGTGCGGCACCAG,Silent,MTase,None,0.376642988340877,unchanged
DNMT3A2_460,GTGTGAGGACTCCATCACGG,No_C/Exon,MTase,None,0.373161239350058,unchanged
DNMT3A2_400,GGTTATTAGCGAAGAACATC,No_C/Exon,ADD,None,0.372835527601901,unchanged
DNMT3A2_188,GAGGAGCCTAGAGCACTAGG,Non-exon,Intron,None,0.369601743430132,unchanged
DNMT3A2_502,ATCGTCAACCCTGCTCGCAA,Silent,MTase,None,0.366158447052922,unchanged
DNMT3A2_341,AGCAGATGGTGCAGTAGGAC,No_C/Exon,ADD,None,0.365238156364523,unchanged
DNMT3A2_377,GTCTTCCTTAATGGCTGCCT,Missense,ADD,E578K,0.365088047034958,unchanged
DNMT3A2_560,CACAGGGCCCGCTACTTCTG,Missense,MTase,A791V,0.363927811780766,unchanged
DNMT3A2_176,GGACCTCGTAGATGGCTTTG,Missense,Inter1,"E371K, V372I",0.354226006790893,unchanged
DNMT3A2_299,GAAAGCAGAGGGAGGGGATG,Non-exon,Intron,None,0.354106496254261,unchanged
DNMT3A2_567,TTCACCAACCTGTTCATACC,Non-exon,Intron,None,0.351273992549109,unchanged
DNMT3A2_022,CTCCCCGCCCCCGGTCTCCC,Non-exon,Intron,None,0.34944497693922,unchanged
DNMT3A2_034,AGCGGGTTGTGAGAAGGAAT,No_C/Exon,Nterm,None,0.349312806081577,unchanged
DNMT3A2_610,GAGGTCAAACTCCATAAAGC,Missense,MTase,S837L,0.347896175974475,unchanged
DNMT3A2_595,CTAGACGCTGGAGCTGACCT,Non-exon,Intron,None,0.341335046252497,unchanged
DNMT3A2_235,AGCCACCAGAAGGTAAATGA,Missense,Inter1,"P424L, P425L",0.330926060052559,unchanged
DNMT3A2_052,ATTCATTCCTGCAATGACCT,Missense,Nterm,"G223E, M224I",0.329716347302039,unchanged
DNMT3A2_124,AGCTGGTGTGGGGGAAACTG,No_C/Exon,PWWP,None,0.325913472489971,unchanged
DNMT3A2_568,TTTCACCAACCTGTTCATAC,Non-exon,Intron,None,0.325337334873902,unchanged
DNMT3A2_132,CACCAAGACACAATGCGGCC,Nonsense,PWWP,W313*,0.324592791890341,unchanged
DNMT3A2_249,TCCCTACAAAGAAGTGTACA,Silent,Inter1,None,0.320001179289619,unchanged
DNMT3A2_028,CCGCTCCAGGATCCCTACAA,Missense,Nterm,Not_in_3A1,0.310021088311982,unchanged
DNMT3A2_448,TGCAGGGCTCCTGGTGCTGA,Missense,MTase,L647F,0.307801284467316,unchanged
DNMT3A2_539,CCTCTTGTCACTAACGCCCA,Silent,MTase,None,0.304814183399109,unchanged
DNMT3A2_433,ATGGAATCGCTACAGGTGAG,Silent,MTase,None,0.303965076227629,unchanged
DNMT3A2_401,CTTCGCTAATAACCACGACC,Missense,ADD,A610V,0.302645304382261,unchanged
DNMT3A2_234,GAGCCACCAGAAGGTAAATG,Missense,Inter1,"P424L, P425L",0.29793212486215,unchanged
DNMT3A2_178,CACCTGCAGGACCTCGTAGA,Silent,Inter1,None,0.294801272129957,unchanged
DNMT3A2_319,GCACATTCCTCCAACGAAGA,Missense,ADD,"G512E, M513I",0.290734927016388,unchanged
DNMT3A2_494,CCCATTCGATCTGGTGATTG,Silent,MTase,None,0.2898998906841,unchanged
DNMT3A2_209,GAGTGACACTGCCAAGGCCG,Silent,Inter1,None,0.287499340739535,unchanged
DNMT3A2_466,GTGGGCATGGTGCGGCACCA,Silent,MTase,None,0.285890258916571,unchanged
DNMT3A2_594,GGAGCATGGCAGGATAGCCA,Missense,MTase,H821Y,0.28207928596296,unchanged
DNMT3A2_027,ATTCTCCTTTGTAGGGATCC,Non-exon,Intron,None,0.28061874106918,unchanged
DNMT3A2_526,CCTGCATGATGCGCGGCCCA,Missense,MTase,H739Y,0.2804199252066,unchanged
DNMT3A2_012,GTCTCCCCGGGGCTCCGTCC,Non-exon,Intron,None,0.279788147274175,unchanged
DNMT3A2_110,CCTTGGGGCTCCAGGACGGC,No_C/Non-exon,Intron,None,0.278167495988882,unchanged
DNMT3A2_307,CCACAGGAGATGCAGATGTC,Missense,ADD,C497Y,0.276820887018008,unchanged
DNMT3A2_421,TTCCTCTTCTCAGCTGGGAC,Missense,Inter2,R631K,0.276734519306992,unchanged
DNMT3A2_263,GAGCACAGCGGAGAAGCCCA,Missense,Inter1,T461I,0.275037796914569,unchanged
DNMT3A2_629,TGGGGGAGAAAAGGCAGAGA,No_C/Non-exon,Intron,None,0.269907114548007,unchanged
DNMT3A2_569,AACAGGTTGGTGAAAGCTCC,No_C/Exon,MTase,None,0.264498450978754,unchanged
DNMT3A2_193,ACCTGGAGGGTGACACGCCA,No_C/Non-exon,Intron,None,0.261568018009031,unchanged
DNMT3A2_600,GCGTCTAGAACCTCTGCTGG,Non-exon,Intron,None,0.260684957861578,unchanged
DNMT3A2_383,CCCTGGAACTGCTACATGTG,No_C/Exon,ADD,None,0.259320345107642,unchanged
DNMT3A2_378,GGTCTTCCTTAATGGCTGCC,Missense,ADD,"E578K, D579N",0.258742528692207,unchanged
DNMT3A2_156,GGTTTGGCAGTAGCCTGGGG,Non-exon,Intron,None,0.25774944675597,unchanged
DNMT3A2_725,CTCCTTGCTGGCGATCAATG,Intergenic,Control,None,0.252442277122378,unchanged
DNMT3A2_320,GGCACATTCCTCCAACGAAG,Missense,ADD,M513I,0.251298427554882,unchanged
DNMT3A2_518,GCCAGTGCCCTCTGAGAGGT,Missense,MTase,G726D,0.24998603954941,unchanged
DNMT3A2_658,ACTCACGAGGTGCTGGGAGG,Essential,Control,None,0.248404563797592,unchanged
DNMT3A2_142,AGCAGCTGAAGGCACCCGCT,Missense,PWWP,A322V,0.246073588702112,unchanged
DNMT3A2_677,AGCCGTCGTTGGACGTAACG,Non-targeting,Control,None,0.240824750702659,unchanged
DNMT3A2_455,GGACCGCTACATTGCCTCGG,Missense,MTase,R659C,0.240331170916878,unchanged
DNMT3A2_495,CCCCCAATCACCAGATCGAA,Missense,MTase,G706K,0.235266861596982,unchanged
DNMT3A2_669,CACTCACCTCTTGGAGCTGG,Essential,Control,None,0.234267608614003,unchanged
DNMT3A2_559,ACACAGGGCCCGCTACTTCT,Silent,MTase,None,0.234146508423003,unchanged
DNMT3A2_582,CTGTGGGCTGGGACTGCAGG,Non-exon,Intron,None,0.231768192462847,unchanged
DNMT3A2_277,GGGAGGAGAGCTGGCGTCAG,No_C/Non-exon,Intron,None,0.230532107044553,unchanged
DNMT3A2_125,GCTGGTGTGGGGGAAACTGC,No_C/Exon,PWWP,None,0.229325989699852,unchanged
DNMT3A2_618,TATGGTGCACTGAAATGGAA,Silent,MTase,None,0.22743233929482,unchanged
DNMT3A2_427,AAAGAGAGACAGCACCCGGA,No_C/Exon,MTase,None,0.22681065355619,unchanged
DNMT3A2_214,GAACAAGCCCATGATTGAAT,Missense,Inter1,P405S,0.225341412166847,unchanged
DNMT3A2_081,GGCTACCACGCCTGAGCCCG,Missense,Nterm,T260I,0.223513044781161,unchanged
DNMT3A2_201,AGGTGGCCAGCAGCCGCGCG,Missense,Inter1,A376V,0.222842380284928,unchanged
DNMT3A2_228,GCCTTCTGGCCCTAAGGGCC,Missense,Inter1,S417F,0.220885431136753,unchanged
DNMT3A2_083,CTACCACGCCTGAGCCCGTG,Missense,Nterm,"T260I, T261M",0.219471421614127,unchanged
DNMT3A2_519,ACCTCTCAGAGGGCACTGGC,Non-exon,Intron,None,0.218773478173259,unchanged
DNMT3A2_255,GGACATGTGGGTGGAACCTG,Silent,Inter1,None,0.218190535440702,unchanged
DNMT3A2_504,CCGTAGAGGCCCTTGCGAGC,No_C/Exon,MTase,None,0.217482659508752,unchanged
DNMT3A2_704,GACACAAGTGTGAACGTTCG,Intergenic,Control,None,0.215451978483584,unchanged
DNMT3A2_632,CTGGGAAACCAAATACCCTG,No_C/Exon,MTase,None,0.214105891935763,unchanged
DNMT3A2_329,GCCTCAACGGCACCTCTCCT,Non-exon,Intron,None,0.211007305837297,unchanged
DNMT3A2_350,TTCCGCACATGAGCACCTCA,Missense,ADD,"M548I, C549Y, G550R",0.210948545631796,unchanged
DNMT3A2_005,AGGAACCTACCCATAAGGCC,Non-exon,Intron,None,0.209770917533305,unchanged
DNMT3A2_472,CATGCTTCTGTGTGACGCTG,Silent,MTase,None,0.205404348014704,unchanged
DNMT3A2_019,CCCCGCCCCCGGTCTCCCCG,Non-exon,Intron,None,0.20125232380906,unchanged
DNMT3A2_508,GCTGAGAAGGTGGAGGGGAC,No_C/Non-exon,Intron,None,0.200530086358737,unchanged
DNMT3A2_429,CGGGTGCTGTCTCTCTTTGA,Silent,MTase,None,0.199821217742453,unchanged
DNMT3A2_273,GTGCCACCCTCTCCAGAAGC,Non-exon,Intron,None,0.199494035599742,unchanged
DNMT3A2_439,GGTGCTGGCCGCCTTGTCCC,Non-exon,Intron,None,0.197369059890062,unchanged
DNMT3A2_008,CTTATGGGTAGGTTCCTGGA,No_C/Exon,Nterm,None,0.195370942269123,unchanged
DNMT3A2_139,TGCCTTCAGCTGCTCGGCTC,Missense,PWWP,"E323K, G324S",0.193126077407164,unchanged
DNMT3A2_148,CGGAGACGGCAAATTCTCAG,Silent,PWWP,None,0.192214655093545,unchanged
DNMT3A2_058,TGGAAGAAAACCAGGGGCCC,No_C/Exon,Nterm,None,0.191101624264778,unchanged
DNMT3A2_261,CTTCTCCGCTGTGCTCTTCC,Missense,Inter1,E463K,0.187420844905847,unchanged
DNMT3A2_064,CTCCACCTTCTGAGACTCCC,Missense,Nterm,V239I,0.186767531331288,unchanged
DNMT3A2_598,CAGCGTCTAGAACCTCTGCT,Non-exon,Intron,None,0.186198232329395,unchanged
DNMT3A2_688,TAGAGGTCGTACGTAACGCG,Non-targeting,Control,None,0.185786717663466,unchanged
DNMT3A2_707,CTGGGGGTTGGACTTTCGTG,Intergenic,Control,None,0.184417482113901,unchanged
DNMT3A2_296,CTGGCACTCCTAGTGTGGCA,Non-exon,Intron,None,0.184217239913595,unchanged
DNMT3A2_323,GTGCTCCTACCTTGCAGTTT,Non-exon,Intron,None,0.183732601691376,unchanged
DNMT3A2_294,CTAGGAGTGCCAGAGTTCCC,No_C/Non-exon,Intron,None,0.183288023095196,unchanged
DNMT3A2_672,CACGCGTAACGCGCCTTATT,Non-targeting,Control,None,0.179385563081014,unchanged
DNMT3A2_627,GAGAAAAGGCAGAGAGGGCA,No_C/Non-exon,Intron,None,0.178339475079872,unchanged
DNMT3A2_442,GGCCGCCTTGTCCCAGGATG,Non-exon,Intron,None,0.178244117346497,unchanged
DNMT3A2_500,CTTGCGAGCAGGGTTGACGA,Missense,MTase,R720H,0.177469630549394,unchanged
DNMT3A2_451,TGCCCAAGTCCTTCAGCACC,Missense,MTase,G654S,0.176934489860131,unchanged
DNMT3A2_121,TGGCATTGGGGAGCTGGTGT,Silent,PWWP,None,0.173539368891866,unchanged
DNMT3A2_324,AGGTAGGAGCACACCCACCC,No_C/Non-exon,Intron,None,0.172774812685255,unchanged
DNMT3A2_509,GTCCCCTCCACCTTCTCAGC,Non-exon,Intron,None,0.172246295096977,unchanged
DNMT3A2_063,TCCACCTTCTGAGACTCCCC,Missense,Nterm,V239M,0.172133823179322,unchanged
DNMT3A2_558,CACACAGGGCCCGCTACTTC,Silent,MTase,None,0.171848674136952,unchanged
DNMT3A2_173,TAGATGGCTTTGCGGTACAT,Missense,Inter1,A368T,0.168603149290704,unchanged
DNMT3A2_624,AGCCAGATGCCAGCACAACC,Non-exon,Intron,None,0.168520054145439,unchanged
DNMT3A2_211,GTTCTGCACCTCCACGGCCT,Silent,Inter1,None,0.167820141551192,unchanged
DNMT3A2_185,CCCTGCTGGGAGCTCGGAGG,Non-exon,Intron,None,0.167079160280749,unchanged
DNMT3A2_659,CATACCTCTGAATGATCAAT,Essential,Control,None,0.165492173890661,unchanged
DNMT3A2_104,CCGTGGCCAGCTCTTTCCGG,Non-exon,Intron,None,0.164791231125723,unchanged
DNMT3A2_538,TTTGAGAATGTGGTGGCCAT,No_C/Exon,MTase,None,0.164649268789576,unchanged
DNMT3A2_166,AGCTTCTCAACACACACCTG,Missense,PWWP,E342K,0.164063764525943,unchanged
DNMT3A2_062,GCCCGGGGAGTCTCAGAAGG,Silent,Nterm,None,0.16385514348656,unchanged
DNMT3A2_394,TGCTGCGGCGGCGAGAGGAC,Missense,ADD,R596W,0.16340118886109,unchanged
DNMT3A2_655,GCGTGTGTGTAAGGGACATG,No_C/Exon,MTase,None,0.161198507356771,unchanged
DNMT3A2_705,TGGTCCATTCCATTGCGACT,Intergenic,Control,None,0.160015057078919,unchanged
DNMT3A2_293,AGTTTGTTGCCTGGGAACTC,No_C/Non-exon,Intron,None,0.158871203265076,unchanged
DNMT3A2_376,GGCTGCCCAGGCAGCCATTA,Nonsense,ADD,"A572V, Q573*",0.158118892135717,unchanged
DNMT3A2_603,AGAACCTCTGCTGGGGGGCA,Non-exon,Intron,None,0.157843065450191,unchanged
DNMT3A2_602,TAGAACCTCTGCTGGGGGGC,Non-exon,Intron,None,0.157292600426328,unchanged
DNMT3A2_514,TGCGGAAGCACCAGCTGAGA,No_C/Non-exon,Intron,None,0.156973690643837,unchanged
DNMT3A2_218,CCCCAGGGCCCATTCAATCA,Silent,Inter1,None,0.15468060172157,unchanged
DNMT3A2_641,GCAGTCTCTGCCTCGCCAAG,Missense,MTase,R887K,0.153900414512866,unchanged
DNMT3A2_143,AAGGCACCCGCTGGGTCATG,Missense,PWWP,T325I,0.153791447999427,unchanged
DNMT3A2_698,AAGCGGTTGTACGACGCACG,Non-targeting,Control,None,0.15330362626069,unchanged
DNMT3A2_246,GGATTCTTCTCTTCTGGAGG,Silent,Inter1,None,0.152091895734058,unchanged
DNMT3A2_116,ACGGCCGGGGCTTTGGCATT,Missense,Nterm,R288W,0.152016509481715,unchanged
DNMT3A2_092,GACAAGAATGCCACCAAAGC,No_C/Exon,Nterm,None,0.149686114360846,unchanged
DNMT3A2_505,CCTGCTCGCAAGGGCCTCTA,Missense,MTase,"A719V, R720C",0.147060865569849,unchanged
DNMT3A2_544,TATAGCCAGCAACCTTGGTT,Non-exon,Intron,None,0.145929341053383,unchanged
DNMT3A2_528,CATGATGCGCGGCCCAAGGA,Missense,MTase,A741V,0.145634470183489,unchanged
DNMT3A2_628,GGAGAAAAGGCAGAGAGGGC,No_C/Non-exon,Intron,None,0.143747890703597,unchanged
DNMT3A2_492,GCCCATTCGATCTGGTGATT,Missense,MTase,P700L,0.142697457875568,unchanged
DNMT3A2_055,AATGCTGTGGAAGAAAACCA,Missense,Nterm,A226V,0.142363531572852,unchanged
DNMT3A2_720,TCGTAGTGTATTACGATGCT,Intergenic,Control,None,0.141977328380837,unchanged
DNMT3A2_200,CAGGTGGCCAGCAGCCGCGC,Missense,Inter1,A376V,0.140958258270158,unchanged
DNMT3A2_493,CCCCAATCACCAGATCGAAT,Missense,MTase,G706R,0.140087524025074,unchanged
DNMT3A2_112,TTGGGGCTCCAGGACGGCCG,Non-exon,Intron,None,0.139516607729379,unchanged
DNMT3A2_221,ATGATTGAATGGGCCCTGGG,No_C/Exon,Inter1,None,0.139383662800238,unchanged
DNMT3A2_003,GGGGCTGCACCTGGCCTTAT,Non-exon,5'-UTR,None,0.137173747353239,unchanged
DNMT3A2_680,TGTCGCGTTCGCGATTTGCG,Non-targeting,Control,None,0.13532404479944,unchanged
DNMT3A2_724,TAGGCAAAATGACGCTCACT,Intergenic,Control,None,0.135080300444264,unchanged
DNMT3A2_660,CACTCACTGTTGCACTCTGC,Essential,Control,None,0.134041004930287,unchanged
DNMT3A2_617,CATCTTATGGTGCACTGAAA,Silent,MTase,None,0.132447197884684,unchanged
DNMT3A2_180,CTGCAGGTGAGTGTCCCTGC,Nonsense,Inter1,Q374*,0.132408342880461,unchanged
DNMT3A2_674,TGGTACATACCGCTCGCGTA,Non-targeting,Control,None,0.131856094071737,unchanged
DNMT3A2_570,ACAGGTTGGTGAAAGCTCCT,No_C/Exon,MTase,None,0.131547057646371,unchanged
DNMT3A2_418,TCTTCTCAGCTGGGACAGGT,Missense,Inter2,E629K,0.129979581442659,unchanged
DNMT3A2_282,TACACCAGCCGCTCTGCAAG,Missense,Inter1,V480M,0.12966959999674,unchanged
DNMT3A2_689,CTCCGAACCGCGTACGTCGT,Non-targeting,Control,None,0.129442527300862,unchanged
DNMT3A2_126,CTGGTGTGGGGGAAACTGCG,No_C/Exon,PWWP,None,0.127639386396288,unchanged
DNMT3A2_379,CAGCCATTAAGGAAGACCCC,Missense,ADD,A575V,0.127162382487333,unchanged
DNMT3A2_049,CCTTGGCTTTCTTCTCAGCC,Missense,Nterm,A218T,0.126433143072521,unchanged
DNMT3A2_506,CTCGCAAGGGCCTCTACGGT,Silent,MTase,None,0.126406620250144,unchanged
DNMT3A2_405,GCCCAGCACTCACAAATTCC,Non-exon,Intron,None,0.126010977805497,unchanged
DNMT3A2_393,CGGGCTGCTGCGGCGGCGAG,Silent,ADD,None,0.125323932255593,unchanged
DNMT3A2_440,CTGGCCGCCTTGTCCCAGGA,Non-exon,Intron,None,0.124720746010287,unchanged
DNMT3A2_194,CACCTGGAGGGTGACACGCC,Splice,Splice,None,0.124486509336206,unchanged
DNMT3A2_057,GTGGAAGAAAACCAGGGGCC,No_C/Exon,Nterm,None,0.124414050140265,unchanged
DNMT3A2_620,ACTGAAATGGAAAGGTACCC,No_C/Exon,MTase,None,0.121852819567539,unchanged
DNMT3A2_358,GGCCCAGCTAAGGAGACCAC,Non-exon,Intron,None,0.119939623746969,unchanged
DNMT3A2_053,CATTGCAGGAATGAATGCTG,Missense,Nterm,A222V,0.117174239572894,unchanged
DNMT3A2_371,TGGACCTCTTGGTGGGGCCG,Missense,ADD,L565F,0.115934681970831,unchanged
DNMT3A2_590,GAATGATAAGCTGGAGCTGC,No_C/Exon,MTase,None,0.115918369731669,unchanged
DNMT3A2_007,CGTCCAGGAACCTACCCATA,Non-exon,Intron,None,0.114315055377813,unchanged
DNMT3A2_184,CCTCCTCCGAGCTCCCAGCA,Non-exon,Intron,None,0.11411588560331,unchanged
DNMT3A2_392,TCGCCGCCGCAGCAGCCCGT,Missense,ADD,"R596Q, R597Q",0.114015422267967,unchanged
DNMT3A2_411,GGCGCGGTCTCGAGCTCCCT,Non-exon,Intron,None,0.112101764137959,unchanged
DNMT3A2_348,CATCTGCTGTGGGGGCCGTG,Silent,ADD,None,0.11191550233585,unchanged
DNMT3A2_362,TGCTCACTGGGTCTCCTTCC,Non-exon,Intron,None,0.111130909553614,unchanged
DNMT3A2_551,ACAGGGTTGGACTACAAAAC,No_C/Exon,MTase,None,0.110115451538338,unchanged
DNMT3A2_702,CCGTGTGGGTATATGACTCG,Intergenic,Control,None,0.10923335666349,unchanged
DNMT3A2_054,GAATGCTGTGGAAGAAAACC,Missense,Nterm,A226V,0.106150068012576,unchanged
DNMT3A2_102,GCCGTGGCCAGCTCTTTCCG,Non-exon,Intron,None,0.10572923521775,unchanged
DNMT3A2_242,TTCTGGGACCCCTGCCCGCC,No_C/Non-exon,Intron,None,0.103712023399208,unchanged
DNMT3A2_354,GAGGCTGTTGTGGCCTCCAG,Non-exon,Intron,None,0.103410945541227,unchanged
DNMT3A2_713,CCGGCTCCCATGCGGCAACC,Intergenic,Control,None,0.101983271067262,unchanged
DNMT3A2_648,TCAGCGGAGCGAAGAGGTGG,Silent,MTase,None,0.101756343678771,unchanged
DNMT3A2_435,GTGAGGGGTGCAGGCCCAAG,No_C/Non-exon,Intron,None,0.101298775134198,unchanged
DNMT3A2_436,GGTGCAGGCCCAAGAGGTGC,Non-exon,Intron,None,0.09874871057086,unchanged
DNMT3A2_212,GGGCTTGTTCTGCACCTCCA,Silent,Inter1,None,0.098722138059399,unchanged
DNMT3A2_687,GGATACCGTACACGCGGTAT,Non-targeting,Control,None,0.098277797343527,unchanged
DNMT3A2_430,CTCTTTGATGGAATCGCTAC,No_C/Exon,MTase,None,0.09823269401762,unchanged
DNMT3A2_719,CTGCCTGCCCTAACGTTGGA,Intergenic,Control,None,0.097296734463848,unchanged
DNMT3A2_101,AGCCGTGGCCAGCTCTTTCC,Non-exon,Intron,None,0.097109119070606,unchanged
DNMT3A2_158,TTTGGCAGTAGCCTGGGGTG,Non-exon,Intron,None,0.096009840215083,unchanged
DNMT3A2_646,TGACTGGCACGCTCCATGAC,Missense,MTase,V897I,0.095265697286463,unchanged
DNMT3A2_030,CTTTGTAGGGATCCTGGAGC,No_C/Non-exon,Intron,None,0.094694600902408,unchanged
DNMT3A2_673,TTGAGTGCGTCGCGGCGTAA,Non-targeting,Control,None,0.094530800952618,unchanged
DNMT3A2_445,TGCTGTCTGCTGGCTGGTGC,Non-exon,Intron,None,0.093480676107277,unchanged
DNMT3A2_626,GCTGGCATCTGGCTGCGGTG,Non-exon,Intron,None,0.093331141893561,unchanged
DNMT3A2_117,CGGCCGGGGCTTTGGCATTG,Missense,Nterm,R288W,0.092985962077925,unchanged
DNMT3A2_484,ATCCTCCCAGATCCAGGAGT,Non-exon,Intron,None,0.092656954589324,unchanged
DNMT3A2_163,CACACCTGGGGGGACAAGCC,Splice,Splice,V339M,0.092551823855286,unchanged
DNMT3A2_195,CTGGCGTGTCACCCTCCAGG,Non-exon,Intron,None,0.09189294131072,unchanged
DNMT3A2_465,GGTGGGCATGGTGCGGCACC,Silent,MTase,None,0.091787090798432,unchanged
DNMT3A2_119,GGGCTTTGGCATTGGGGAGC,Silent,Nterm,None,0.091255740811941,unchanged
DNMT3A2_023,CGGGGAGACCGGGGGCGGGG,No_C/Non-exon,Intron,None,0.090957815607707,unchanged
DNMT3A2_410,GGAGCTCGAGACCGCGCCCC,Non-exon,Intron,None,0.090856264991908,unchanged
DNMT3A2_531,GAGATGATCGCCCCTTCTTC,No_C/Exon,MTase,None,0.090033205291915,unchanged
DNMT3A2_681,CCCTGCGTCGACCGTAACGC,Non-targeting,Control,None,0.089861051652092,unchanged
DNMT3A2_153,TGTGGGGTTTGGCAGTAGCC,No_C/Non-exon,Intron,None,0.089787622393508,unchanged
DNMT3A2_574,GTGAAAGCTCCTGGGCCTGG,Non-exon,Intron,None,0.088715820867887,unchanged
DNMT3A2_473,AAGCATGTATGTCCATGCTG,Missense,MTase,H694Y,0.088147733719095,unchanged
DNMT3A2_540,CCATGGGCGTTAGTGACAAG,Silent,MTase,None,0.088074534902522,unchanged
DNMT3A2_441,TGGCCGCCTTGTCCCAGGAT,Non-exon,Intron,None,0.086750185007265,unchanged
DNMT3A2_661,AACTCACCCCAAAGTCCTGA,Essential,Control,None,0.086116771670599,unchanged
DNMT3A2_074,TAGCCACAGTGGGGGATGCG,Missense,Nterm,"V258I, A259T",0.08436043467167,unchanged
DNMT3A2_374,GGTGGGGCCGGGGGCTGCCC,Missense,ADD,P569S,0.084192246229067,unchanged
DNMT3A2_120,TTGGCATTGGGGAGCTGGTG,Silent,PWWP,None,0.083924423559902,unchanged
DNMT3A2_215,GCCCATGATTGAATGGGCCC,Silent,Inter1,None,0.082416155786379,unchanged
DNMT3A2_020,CCCCGGGGAGACCGGGGGCG,Non-exon,Intron,None,0.082140887385639,unchanged
DNMT3A2_642,CTTGGCGAGGCAGAGACTGC,Missense,MTase,A884V,0.082136857206063,unchanged
DNMT3A2_061,GGGGCCCGGGGAGTCTCAGA,Missense,Nterm,P233F,0.081816026782069,unchanged
DNMT3A2_001,GACTGCAGAGGGGCTGCACC,Non-exon,5'-UTR,None,0.081578838561799,unchanged
DNMT3A2_091,GGCATTCTTGTCCCCAGCAT,Silent,Nterm,None,0.080893249734732,unchanged
DNMT3A2_621,GAAAGGTACCCGGGTTGTGC,No_C/Exon,MTase,None,0.080423224901364,unchanged
DNMT3A2_730,ATGTAGATGGCGCCCCCTTG,Intergenic,Control,None,0.079878678441343,unchanged
DNMT3A2_585,GTGGATGCCAACGGCCTAGG,Missense,MTase,A806T,0.079010907544769,unchanged
DNMT3A2_181,TGCAGGTGAGTGTCCCTGCT,No_C/Exon,Inter1,None,0.077316900073526,unchanged
DNMT3A2_675,TCGTTCCGGTCGTCGACCGT,Non-targeting,Control,None,0.077149788389802,unchanged
DNMT3A2_259,AAAGCCCCGGAAGAGCACAG,Missense,Inter1,"P457F, R458W",0.075390188850089,unchanged
DNMT3A2_127,GGAAACTGCGGGGCTTCTCC,Silent,PWWP,None,0.075233182309554,unchanged
DNMT3A2_498,GACGATGGAGAGGTCATTGC,No_C/Exon,MTase,None,0.074902685337207,unchanged
DNMT3A2_420,CACCTGTCCCAGCTGAGAAG,Missense,Inter2,P625L,0.074669798667956,unchanged
DNMT3A2_360,GGGAGCCTGGGGCCCAGCTA,Non-exon,Intron,None,0.074504291246642,unchanged
DNMT3A2_077,AGGCGTGGTAGCCACAGTGG,Silent,Nterm,None,0.072399580300445,unchanged
DNMT3A2_002,AGGGGCTGCACCTGGCCTTA,Non-exon,5'-UTR,None,0.072048410895488,unchanged
DNMT3A2_512,AGCACCAGCTGAGAAGGTGG,Non-exon,Intron,None,0.071631692346149,unchanged
DNMT3A2_248,TTGTAGGGATTCTTCTCTTC,No_C/Exon,Inter1,None,0.070812047531277,unchanged
DNMT3A2_485,TCCTCCCAGATCCAGGAGTG,Non-exon,Intron,None,0.070782735751718,unchanged
DNMT3A2_345,CTACTGCACCATCTGCTGTG,Silent,ADD,None,0.069829558363361,unchanged
DNMT3A2_327,TCAACGGCACCTCTCCTGGG,Non-exon,Intron,None,0.069546763845567,unchanged
DNMT3A2_099,CGGAAAGAGCTGGCCACGGC,No_C/Non-exon,Intron,None,0.069397161608741,unchanged
DNMT3A2_706,TGGGATGAGGACTATACCTT,Intergenic,Control,None,0.068466458876511,unchanged
DNMT3A2_011,GGTTCCTGGACGGAGCCCCG,Non-exon,Intron,None,0.0673394671759,unchanged
DNMT3A2_314,CAACGAAGAGGGGGTGTTCC,Missense,ADD,V510I,0.066226860659273,unchanged
DNMT3A2_667,TCATTACCTGGTTGTCAAGC,Essential,Control,None,0.066136014634613,unchanged
DNMT3A2_071,GTGGGGGATGCGGGGTCAGT,No_C/Exon,Nterm,None,0.064919148620858,unchanged
DNMT3A2_483,TATCCTCCCAGATCCAGGAG,Non-exon,Intron,None,0.064396231737431,unchanged
DNMT3A2_295,GAACTCTGGCACTCCTAGTG,Non-exon,Intron,None,0.06356501800052,unchanged
DNMT3A2_203,CCGGGAACAGCTTCCCCGCG,Silent,Inter1,None,0.062160400953655,unchanged
DNMT3A2_230,CTGGTGGCTCCAGGCCCTTA,Silent,Inter1,None,0.060186941636397,unchanged
DNMT3A2_548,GGTAGAAGCCATTAGTGAGC,No_C/Non-exon,Intron,None,0.057053011132817,unchanged
DNMT3A2_501,CATCGTCAACCCTGCTCGCA,Silent,MTase,None,0.056381572393296,unchanged
DNMT3A2_111,CTTGGGGCTCCAGGACGGCC,Non-exon,Intron,None,0.054516995867428,unchanged
DNMT3A2_380,GTTCCAGGGGTCTTCCTTAA,Nonsense,ADD,W581*,0.054313697406336,unchanged
DNMT3A2_580,GTCCCAGCCCACAGCCCCCC,Non-exon,Intron,None,0.053436630068587,unchanged
DNMT3A2_035,TGTGAGAAGGAATGGGCGCG,No_C/Exon,Nterm,None,0.053120259202363,unchanged
DNMT3A2_024,GGAGACCGGGGGCGGGGAGG,Non-exon,Intron,None,0.053027073092986,unchanged
DNMT3A2_094,TGGCTCGTCATCGCCTGCTT,Missense,Nterm,E281K,0.052642361105469,unchanged
DNMT3A2_254,AGTGTACACGGACATGTGGG,Silent,Inter1,None,0.051041523910618,unchanged
DNMT3A2_391,GTACCTACGGGCTGCTGCGG,Missense,ADD,T591I,0.051031900777778,unchanged
DNMT3A2_130,CACAATGCGGCCTGGCCACC,Missense,PWWP,R309H,0.051002435980006,unchanged
DNMT3A2_545,GCTGGCCAAACCAAGGTTGC,Non-exon,Intron,None,0.050699351278928,unchanged
DNMT3A2_470,AGGGGAAGATCATGTACGTC,No_C/Exon,MTase,None,0.050582727644044,unchanged
DNMT3A2_196,GCGGCTGCTGGCCACCTGGA,Missense,Inter1,"S377N, S378N",0.050004883872556,unchanged
DNMT3A2_105,GGAAGGCCCCCGGAAAGAGC,Non-exon,Intron,None,0.049789758808229,unchanged
DNMT3A2_525,CCTTGGGCCGCGCATCATGC,Silent,MTase,None,0.049582805612422,unchanged
DNMT3A2_220,CATGATTGAATGGGCCCTGG,No_C/Exon,Inter1,None,0.04883759790164,unchanged
DNMT3A2_183,TGTCCCTGCTGGGAGCTCGG,Non-exon,Intron,None,0.048534315407392,unchanged
DNMT3A2_076,GGTAGCCACAGTGGGGGATG,Missense,Nterm,A259T,0.047827509089416,unchanged
DNMT3A2_554,TCTTTGGCATCAATCATCAC,Missense,MTase,A782T,0.047381618936481,unchanged
DNMT3A2_622,ACCCGGGTTGTGCTGGCATC,Non-exon,Intron,None,0.046968777039976,unchanged
DNMT3A2_375,ATGGCTGCCTGGGCAGCCCC,Missense,ADD,"A574T, A575T",0.04562604364615,unchanged
DNMT3A2_106,GTAATGATTTCTGCTCCTTG,No_C/Non-exon,Intron,None,0.045092340717917,unchanged
DNMT3A2_190,GAGGGTGACACGCCAGGGTT,No_C/Non-exon,Intron,None,0.044763624032514,unchanged
DNMT3A2_616,ATGAGAAAGAGGACATCTTA,No_C/Exon,MTase,None,0.044696707652004,unchanged
DNMT3A2_059,GGAAGAAAACCAGGGGCCCG,No_C/Exon,Nterm,None,0.044467142725986,unchanged
DNMT3A2_721,TGGCTAGACTATACGTTGTG,Intergenic,Control,None,0.044166207779195,unchanged
DNMT3A2_187,GAGGAGGAGCCTAGAGCACT,No_C/Non-exon,Intron,None,0.043904021945956,unchanged
DNMT3A2_298,GGCACTCCTAGTGTGGCATG,Non-exon,Intron,None,0.043898875013253,unchanged
DNMT3A2_608,AAGTGAGGACCATTACTACG,No_C/Exon,MTase,None,0.043403816565971,unchanged
DNMT3A2_159,TTGGCAGTAGCCTGGGGTGG,Non-exon,Intron,None,0.042224095924442,unchanged
DNMT3A2_607,TCATCTAGTTCAGCAAAGTG,Non-exon,Intron,None,0.042141312843053,unchanged
DNMT3A2_468,CGACGTACATGATCTTCCCC,Missense,MTase,"M682I, V684I",0.042092969981587,unchanged
DNMT3A2_403,GACCAGGAATTTGTGAGTGC,Nonsense,Inter2,Q615*,0.042029632875396,unchanged
DNMT3A2_114,TGCCAAAGCCCCGGCCGTCC,Missense,Nterm,G291S,0.041246437963347,unchanged
DNMT3A2_516,TTCTCTTCCGACCTCTCAGA,Non-exon,Intron,None,0.040593426906054,unchanged
DNMT3A2_087,AGCCCGTGGGGTCCGATGCT,Missense,Nterm,P264L,0.038801896714198,unchanged
DNMT3A2_676,CCCGCCGATTAACGCGACTA,Non-targeting,Control,None,0.038079053793369,unchanged
DNMT3A2_549,CTCACTAATGGCTTCTACCT,Non-exon,Intron,None,0.037356138092291,unchanged
DNMT3A2_613,TCATGAAGACAGGAAAATGC,No_C/Exon,MTase,None,0.037078714839244,unchanged
DNMT3A2_138,GGCCGGAGCCGAGCAGCTGA,Missense,PWWP,R318W,0.036358544646568,unchanged
DNMT3A2_459,GGTGTGTGAGGACTCCATCA,No_C/Exon,MTase,None,0.035760642428758,unchanged
DNMT3A2_325,GGAGCACACCCACCCAGGAG,Non-exon,Intron,None,0.035672946344192,unchanged
DNMT3A2_096,GAGCCAGAGTACGAGGTGAG,Missense,Nterm,P282L,0.035576294900343,unchanged
DNMT3A2_238,AATGAGGGCACCCAGCTTTC,No_C/Non-exon,Intron,None,0.033977432069063,unchanged
DNMT3A2_197,CGCGGCTGCTGGCCACCTGG,Missense,Inter1,S378N,0.033569080206098,unchanged
DNMT3A2_543,CGAGGTATAGCCAGCAACCT,No_C/Exon,MTase,None,0.033453036972224,unchanged
DNMT3A2_446,GCTGTCTGCTGGCTGGTGCA,Non-exon,Intron,None,0.033130537526837,unchanged
DNMT3A2_682,CCCTAGATATCGTTCGCGAC,Non-targeting,Control,None,0.032555223691157,unchanged
DNMT3A2_527,GCATGATGCGCGGCCCAAGG,No_C/Exon,MTase,None,0.031649656655185,unchanged
DNMT3A2_586,ACAGTGGATGCCAACGGCCT,No_C/Exon,MTase,None,0.031435981040398,unchanged
DNMT3A2_239,ATGAGGGCACCCAGCTTTCT,Non-exon,Intron,None,0.030960713400824,unchanged
DNMT3A2_423,ATGGGCTTCCTCTTCTCAGC,Silent,Inter2,None,0.030728321024328,unchanged
DNMT3A2_265,TCAATAATCTCCTTGACCTT,No_C/Exon,Inter1,None,0.029807710427443,unchanged
DNMT3A2_308,CCAGACATCTGCATCTCCTG,Silent,ADD,None,0.029646452828349,unchanged
DNMT3A2_129,CGGGGCTTCTCCTGGTGGCC,Silent,PWWP,None,0.028634612199867,unchanged
DNMT3A2_351,GCGGAAACAACAACTGCTGC,Silent,ADD,None,0.028143604936731,unchanged
DNMT3A2_685,CGCCGGTTCGCGCGGATATA,Non-targeting,Control,None,0.028086363664289,unchanged
DNMT3A2_162,AAGGCCTGGCTTGTCCCCCC,Non-exon,Intron,None,0.028059226547387,unchanged
DNMT3A2_431,TGATGGAATCGCTACAGGTG,No_C/Exon,MTase,None,0.026273952123484,unchanged
DNMT3A2_387,TGCTACATGTGCGGGCACAA,Silent,ADD,None,0.024253327357689,unchanged
DNMT3A2_710,GGTGCTGTTAATTTCCGTTG,Intergenic,Control,None,0.023923606831649,unchanged
DNMT3A2_697,ATCAACGCGGCGGACGGATT,Non-targeting,Control,None,0.023347732290187,unchanged
DNMT3A2_182,GAGTGTCCCTGCTGGGAGCT,Non-exon,Intron,None,0.023238304483706,unchanged
DNMT3A2_276,CACCAGGAGGCCTGCATCCG,Non-exon,Intron,None,0.022994535769553,unchanged
DNMT3A2_198,CCGCGCGGCTGCTGGCCACC,Missense,Inter1,"R379H, A380T",0.021239872304833,unchanged
DNMT3A2_177,AGCCATCTACGAGGTCCTGC,Silent,Inter1,None,0.021237506101279,unchanged
DNMT3A2_321,AGGAATGTGCCAAAACTGCA,No_C/Exon,ADD,None,0.020764065383929,unchanged
DNMT3A2_072,AGTGGGGGATGCGGGGTCAG,No_C/Exon,Nterm,None,0.020302788185984,unchanged
DNMT3A2_170,GCTTGTTGTACGTGGCCTGG,No_C/Exon,Inter1,None,0.019889048731781,unchanged
DNMT3A2_292,TGAGGGTAAGTTTGTTGCCT,No_C/Exon,ADD,None,0.01915469506795,unchanged
DNMT3A2_275,CTGGAGAGGGTGGCACCAGG,No_C/Non-exon,Intron,None,0.018177004994833,unchanged
DNMT3A2_397,GAAGAACATCTGGAGCCGGG,Missense,ADD,M607I,0.018172982210781,unchanged
DNMT3A2_332,TGCCGTTGAGGCCGGCCCTT,Non-exon,Intron,None,0.017926382053529,unchanged
DNMT3A2_722,CAAGTCTACGCAGCCGTAAG,Intergenic,Control,None,0.017615800268944,unchanged
DNMT3A2_100,CAGCCGTGGCCAGCTCTTTC,Non-exon,Intron,None,0.017488404665974,unchanged
DNMT3A2_370,GTGGACCTCTTGGTGGGGCC,Missense,ADD,L565F,0.016254526841809,unchanged
DNMT3A2_406,GAATTTGTGAGTGCTGGGCC,No_C/Exon,Inter2,None,0.015811228602178,unchanged
DNMT3A2_204,CCGCGCGGGGAAGCTGTTCC,Missense,Inter1,A380V,0.015557299931431,unchanged
DNMT3A2_328,ACCCAGGAGAGGTGCCGTTG,Non-exon,Intron,None,0.013806407338933,unchanged
DNMT3A2_571,TTGGTGAAAGCTCCTGGGCC,No_C/Non-exon,Intron,None,0.01361696341543,unchanged
DNMT3A2_581,GGGCTGTGGGCTGGGACTGC,Non-exon,Intron,None,0.013134697509061,unchanged
DNMT3A2_425,TGAGAAGAGGAAGCCCATCC,No_C/Exon,Inter2,None,0.013045693779638,unchanged
DNMT3A2_415,CAGGTGGGTAAACCTTTGGA,No_C/Exon,Inter2,None,0.012720449959797,unchanged
DNMT3A2_199,CCAGGTGGCCAGCAGCCGCG,No_C/Exon,Inter1,None,0.012353624882405,unchanged
DNMT3A2_579,GGCCTGGGGGGCTGTGGGCT,Non-exon,Intron,None,0.012272651808483,unchanged
DNMT3A2_090,GTCCCCAGCATCGGACCCCA,Missense,Nterm,G270K,0.011668423436442,unchanged
DNMT3A2_108,TGCTCCTTGGGGCTCCAGGA,Non-exon,Intron,None,0.011489358493621,unchanged
DNMT3A2_471,GGGGAAGATCATGTACGTCG,No_C/Exon,MTase,None,0.011483388378935,unchanged
DNMT3A2_042,AAGGATGGAGGCTGTGCAAT,No_C/Non-exon,Intron,None,0.00974424700523,unchanged
DNMT3A2_241,GGGCAGGGGTCCCAGAAAGC,Non-exon,Intron,None,0.00964797184848,unchanged
DNMT3A2_144,ACCCGCTGGGTCATGTGGTT,Missense,PWWP,R326C,0.008722611873286,unchanged
DNMT3A2_069,GTGGGCTGCTGCACAGCAGG,Silent,Nterm,None,0.008180554967809,unchanged
DNMT3A2_347,CTCACGGCCCCCACAGCAGA,Missense,ADD,"G543D, R544H",0.008112437666709,unchanged
DNMT3A2_331,AGGAGAGGTGCCGTTGAGGC,No_C/Non-exon,Intron,None,0.007804851926396,unchanged
DNMT3A2_578,GGGCCTGGGGGGCTGTGGGC,Non-exon,Intron,None,0.006805497804663,unchanged
DNMT3A2_693,TGCCGCACCTCGATCGAACG,Non-targeting,Control,None,0.006768635427066,unchanged
DNMT3A2_222,AGAAGGCTGGAAGCCCCCCA,Silent,Inter1,None,0.005528464406315,unchanged
DNMT3A2_356,CCTCCAGTGGTCTCCTTAGC,Non-exon,Intron,None,0.004913681651778,unchanged
DNMT3A2_510,CACCAGCTGAGAAGGTGGAG,Non-exon,Intron,None,0.004547009190844,unchanged
DNMT3A2_553,CTTTGGCATCAATCATCACA,Missense,MTase,A782T,0.004308307077486,unchanged
DNMT3A2_404,ACCAGGAATTTGTGAGTGCT,No_C/Exon,Inter2,None,0.003687818147575,unchanged
DNMT3A2_686,AGGGACGCATCGTTCGTCGA,Non-targeting,Control,None,0.002800831419039,unchanged
DNMT3A2_645,AGAGACTGCTGGGCCGGTCA,Silent,MTase,None,6.53E-05,unchanged
DNMT3A2_478,AGTGTGCAGGGAGGGGAAGA,Non-exon,Intron,None,-0.000328532754693,unchanged
DNMT3A2_717,CCCGGCGTACAGCCTATCCG,Intergenic,Control,None,-0.000490069909399,unchanged
DNMT3A2_216,CCCAGGGCCCATTCAATCAT,Missense,Inter1,A410T,-0.000861541985897,unchanged
DNMT3A2_285,TGCAGAGCGGCTGGTGTACG,Missense,Inter1,R478W,-0.000904291703415,unchanged
DNMT3A2_326,CAACGGCACCTCTCCTGGGT,Non-exon,Intron,None,-0.002730211663354,unchanged
DNMT3A2_419,CTCTTCTCAGCTGGGACAGG,Missense,Inter2,E629K,-0.002811969570665,unchanged
DNMT3A2_647,GCGAAGAGGTGGCGGATGAC,No_C/Exon,MTase,None,-0.003614332804021,unchanged
DNMT3A2_029,CCTTTGTAGGGATCCTGGAG,No_C/Non-exon,Intron,None,-0.004217991992699,unchanged
DNMT3A2_694,CCAATACGGCGTGCCGCGTT,Non-targeting,Control,None,-0.004322409157108,unchanged
DNMT3A2_095,CGATGACGAGCCAGAGTACG,Silent,Nterm,None,-0.005108356280821,unchanged
DNMT3A2_683,CTGGCACGATTGAACGCGGT,Non-targeting,Control,None,-0.005789883015648,unchanged
DNMT3A2_389,GCGGGCACAAGGGTACCTAC,Missense,ADD,H588Y,-0.007361761641465,unchanged
DNMT3A2_160,CAGTAGCCTGGGGTGGGGGA,Non-exon,Intron,None,-0.008209410382966,unchanged
DNMT3A2_226,TTCCAGCCTTCTGGCCCTAA,Nonsense,Inter1,"Q415*, P416F",-0.009031879931303,unchanged
DNMT3A2_517,TCCGACCTCTCAGAGGGCAC,Non-exon,Intron,None,-0.009129179629947,unchanged
DNMT3A2_454,GGTGGACCGCTACATTGCCT,Missense,MTase,R659C,-0.00928035131297,unchanged
DNMT3A2_192,ACCCTGGCGTGTCACCCTCC,Non-exon,Intron,None,-0.01018946370568,unchanged
DNMT3A2_386,CTGCTACATGTGCGGGCACA,Silent,ADD,None,-0.01173116532485,unchanged
DNMT3A2_256,GGTGCGTAGGCAGCTGCCTC,Missense,Inter1,A449T,-0.012536826608828,unchanged
DNMT3A2_219,CCATGATTGAATGGGCCCTG,No_C/Exon,Inter1,None,-0.012611325960575,unchanged
DNMT3A2_165,GCTTCTCAACACACACCTGG,Missense,PWWP,E342K,-0.01282927716813,unchanged
DNMT3A2_412,GAGCTCCCTTGGCTGAGCCT,Non-exon,Intron,None,-0.013235652859472,unchanged
DNMT3A2_515,TTTCTCTTCCGACCTCTCAG,Non-exon,Intron,None,-0.014747275474337,unchanged
DNMT3A2_671,CGGTCGCCCAATGCGCGATC,Non-targeting,Control,None,-0.015148206327515,unchanged
DNMT3A2_079,TCAGGCGTGGTAGCCACAGT,Silent,Nterm,None,-0.016242808335653,unchanged
DNMT3A2_583,CAGTCTCTCTTCTGCCTCCT,Non-exon,Intron,None,-0.016553709533111,unchanged
DNMT3A2_202,CAGCTTCCCCGCGCGGCTGC,Missense,Inter1,G381E,-0.017624431703403,unchanged
DNMT3A2_085,GCATCGGACCCCACGGGCTC,Missense,Nterm,D268N,-0.017707290134873,unchanged
DNMT3A2_712,CCAGGGACAGGACTTACGGT,Intergenic,Control,None,-0.017959920431479,unchanged
DNMT3A2_691,TCAGGACCGAATCGCGATAC,Non-targeting,Control,None,-0.01815314935517,unchanged
DNMT3A2_373,CAGCCCCCGGCCCCACCAAG,Missense,ADD,"G570K, A571T",-0.018535348082072,unchanged
DNMT3A2_268,ATGAGCGCACAAGAGGTAGT,Missense,Inter1,R474C,-0.018573986429858,unchanged
DNMT3A2_205,CATCGCTGTCGTGGCACACC,Missense,Inter1,"S390N, D391N",-0.018652962977444,unchanged
DNMT3A2_333,GGCCGAAGGGCCGGCCTCAA,Non-exon,Intron,None,-0.018752370846602,unchanged
DNMT3A2_507,CAGGATGGTACCTACCGTAG,No_C/Non-exon,Intron,None,-0.01944223323612,unchanged
DNMT3A2_407,AATTTGTGAGTGCTGGGCCT,No_C/Exon,Inter2,None,-0.020357554498152,unchanged
DNMT3A2_060,TCTGAGACTCCCCGGGCCCC,Silent,Nterm,None,-0.021330185589296,unchanged
DNMT3A2_089,TCCCCAGCATCGGACCCCAC,Missense,Nterm,"A269T, G270K",-0.021409265859661,unchanged
DNMT3A2_396,AAGAACATCTGGAGCCGGGA,Missense,ADD,M607I,-0.021846693523455,unchanged
DNMT3A2_290,CAAACTTACCCTCAATGTTC,Non-exon,Intron,None,-0.021873028711863,unchanged
DNMT3A2_038,GACGAGTGTGATACGGTGAA,No_C/Exon,Nterm,None,-0.023198927470682,unchanged
DNMT3A2_179,CAGCAGGGACACTCACCTGC,Non-exon,Intron,None,-0.023363694318358,unchanged
DNMT3A2_597,CCAGCGTCTAGAACCTCTGC,Non-exon,Intron,None,-0.024668898986157,unchanged
DNMT3A2_084,GGACCCCACGGGCTCAGGCG,Missense,Nterm,G266K,-0.024714874908354,unchanged
DNMT3A2_227,GGCCCTTAGGGCCAGAAGGC,Missense,Inter1,G421S,-0.026687414173312,unchanged
DNMT3A2_016,CGGAGCCCCGGGGAGACCGG,Non-exon,Intron,None,-0.026968333454508,unchanged
DNMT3A2_476,ACGGGCTGCGCCCCACAGCA,Non-exon,Intron,None,-0.028557766934793,unchanged
DNMT3A2_025,AGGATTTCATTCTCCTTTGT,Non-exon,Intron,None,-0.028810211018181,unchanged
DNMT3A2_416,ACAGGTGGGTAAACCTTTGG,No_C/Exon,Inter2,None,-0.028825173614167,unchanged
DNMT3A2_161,CAAGAACCTTCCCCCACCCC,Non-exon,Intron,None,-0.029532334475182,unchanged
DNMT3A2_481,GCCTTTATCCTCCCAGATCC,No_C/Non-exon,Intron,None,-0.030064391992402,unchanged
DNMT3A2_056,ATGCTGTGGAAGAAAACCAG,Missense,Nterm,A226V,-0.031093831778826,unchanged
DNMT3A2_098,AGCGGCTTCTTCACCAGCCG,Non-exon,Intron,None,-0.031494325653917,unchanged
DNMT3A2_437,CAAGGCGGCCAGCACCTCTT,Non-exon,Intron,None,-0.03233160155407,unchanged
DNMT3A2_589,CTCCAGCTTATCATTCACAG,Silent,MTase,None,-0.03265198133665,unchanged
DNMT3A2_097,AAGCCGCTCACCTCGTACTC,Non-exon,Intron,None,-0.032750212044186,unchanged
DNMT3A2_352,AACAACAACTGCTGCAGGTG,Silent,ADD,None,-0.034028301552992,unchanged
DNMT3A2_257,GGCTGGTGGAGGTGGTGCGT,No_C/Exon,Inter1,None,-0.034701271418566,unchanged
DNMT3A2_601,CGTCTAGAACCTCTGCTGGG,Non-exon,Intron,None,-0.035430051702713,unchanged
DNMT3A2_315,CTGGAACACCCCCTCTTCGT,Missense,ADD,H506Y,-0.036314827723399,unchanged
DNMT3A2_443,GCCGCCTTGTCCCAGGATGG,Non-exon,Intron,None,-0.036848675644678,unchanged
DNMT3A2_359,GGTCTCCTTAGCTGGGCCCC,Non-exon,Intron,None,-0.037223224290128,unchanged
DNMT3A2_637,TGTTGGAGACGTCAGTATAG,No_C/Exon,MTase,None,-0.03758199467121,unchanged
DNMT3A2_088,GCCCGTGGGGTCCGATGCTG,Silent,Nterm,None,-0.037970366905758,unchanged
DNMT3A2_123,GCATTGGGGAGCTGGTGTGG,No_C/Exon,PWWP,None,-0.038027025321728,unchanged
DNMT3A2_643,TTGGCGAGGCAGAGACTGCT,Missense,MTase,A884V,-0.038073378800959,unchanged
DNMT3A2_223,CAGAAGGCTGGAAGCCCCCC,Silent,Inter1,None,-0.038213692145639,unchanged
DNMT3A2_017,AGCCCCGGGGAGACCGGGGG,Non-exon,Intron,None,-0.038845061085454,unchanged
DNMT3A2_280,TCCTCCCCTTGCAGAGCGGC,Non-exon,Intron,None,-0.039772161622247,unchanged
DNMT3A2_279,GCTCTCCTCCCCTTGCAGAG,Non-exon,Intron,None,-0.040916686148115,unchanged
DNMT3A2_067,CTGCTGCACAGCAGGAGGGC,Silent,Nterm,None,-0.041803515807008,unchanged
DNMT3A2_309,CAGACATCTGCATCTCCTGT,Silent,ADD,None,-0.043794397785752,unchanged
DNMT3A2_503,CGTAGAGGCCCTTGCGAGCA,No_C/Exon,MTase,None,-0.045058759527207,unchanged
DNMT3A2_010,AGGTTCCTGGACGGAGCCCC,Non-exon,Intron,None,-0.046167768821654,unchanged
DNMT3A2_365,CGTGGAGTGTGTGGACCTCT,No_C/Exon,ADD,None,-0.046897494306064,unchanged
DNMT3A2_078,CAGGCGTGGTAGCCACAGTG,Silent,Nterm,None,-0.046970488767895,unchanged
DNMT3A2_330,GGCCTCAACGGCACCTCTCC,Non-exon,Intron,None,-0.047101389616294,unchanged
DNMT3A2_015,ACGGAGCCCCGGGGAGACCG,Non-exon,Intron,None,-0.047984779175657,unchanged
DNMT3A2_474,AGCATGTATGTCCATGCTGT,No_C/Exon,MTase,None,-0.048548384765029,unchanged
DNMT3A2_593,AGGAGTGTCTGGAGCATGGC,No_C/Exon,MTase,None,-0.048742526468471,unchanged
DNMT3A2_157,GTTTGGCAGTAGCCTGGGGT,Non-exon,Intron,None,-0.049829765424933,unchanged
DNMT3A2_231,TCTGGTGGCTCCAGGCCCTT,No_C/Exon,Inter1,None,-0.050950656583607,unchanged
DNMT3A2_355,CCAGCTAAGGAGACCACTGG,Non-exon,Intron,None,-0.052162619390215,unchanged
DNMT3A2_640,CCAACATGAGCCGCTTGGCG,Silent,MTase,None,-0.054119497356861,unchanged
DNMT3A2_563,TACTTCTGGGGTAACCTTCC,Silent,MTase,None,-0.054151303613084,unchanged
DNMT3A2_584,TCTTCTGCCTCCTAGGCCGT,Non-exon,Intron,None,-0.054672026576496,unchanged
DNMT3A2_438,ACAAGGCGGCCAGCACCTCT,Non-exon,Intron,None,-0.055113594795413,unchanged
DNMT3A2_006,TGGCCTTATGGGTAGGTTCC,Non-exon,5'-UTR,None,-0.056248549557013,unchanged
DNMT3A2_577,GCCCACAGCCCCCCAGGCCC,Non-exon,Intron,None,-0.056586410825355,unchanged
DNMT3A2_572,TGGTGAAAGCTCCTGGGCCT,No_C/Non-exon,Intron,None,-0.057738269531745,unchanged
DNMT3A2_171,GCTGCTTGTTGTACGTGGCC,Silent,Inter1,None,-0.058013814992837,unchanged
DNMT3A2_630,CAAATACCCTGGGGGAGAAA,Missense,MTase,V867I,-0.059165652824165,unchanged
DNMT3A2_131,GGCCAGGCCGCATTGTGTCT,Missense,PWWP,P307L,-0.059215466162508,unchanged
DNMT3A2_625,GTTGTGCTGGCATCTGGCTG,Non-exon,Intron,None,-0.059635101656891,unchanged
DNMT3A2_041,AAAGGATGGAGGCTGTGCAA,No_C/Non-exon,Intron,None,-0.062563066322019,unchanged
DNMT3A2_048,CTTGGCTTTCTTCTCAGCCT,Missense,Nterm,A218T,-0.063014509587771,unchanged
DNMT3A2_271,AGTTGGCCTGCTTCTGGAGA,Non-exon,Intron,None,-0.064046771471808,unchanged
DNMT3A2_274,CTTCTGGAGAGGGTGGCACC,Non-exon,Intron,None,-0.06453293909232,unchanged
DNMT3A2_409,TGAGTGCTGGGCCTGGGGCG,Non-exon,Intron,None,-0.065283353282014,unchanged
DNMT3A2_113,CTCCAGGACGGCCGGGGCTT,Non-exon,Intron,None,-0.067125907299202,unchanged
DNMT3A2_384,CCCGCACATGTAGCAGTTCC,Missense,ADD,"M585I, C586Y",-0.067538165365233,unchanged
DNMT3A2_591,GCTGGAGCTGCAGGAGTGTC,Silent,MTase,None,-0.067590701312473,unchanged
DNMT3A2_413,ACCTGTTGTGCTCACTGCTT,No_C/Non-exon,Intron,None,-0.068376502369173,unchanged
DNMT3A2_252,AAGAAGTGTACACGGACATG,No_C/Exon,Inter1,None,-0.069818472631957,unchanged
DNMT3A2_050,CCAGGCTGAGAAGAAAGCCA,Missense,Nterm,A214V,-0.070076420769321,unchanged
DNMT3A2_272,TGGCCTGCTTCTGGAGAGGG,Non-exon,Intron,None,-0.07472500452797,unchanged
DNMT3A2_141,GAGCAGCTGAAGGCACCCGC,Missense,PWWP,"A321V, A322V",-0.074922480188264,unchanged
DNMT3A2_395,GGCGAGAGGACTGGCCCTCC,No_C/Exon,ADD,None,-0.074950760621287,unchanged
DNMT3A2_026,GGATTTCATTCTCCTTTGTA,Non-exon,Intron,None,-0.076008672097099,unchanged
DNMT3A2_291,TTGAGGGTAAGTTTGTTGCC,No_C/Exon,ADD,None,-0.076815992412831,unchanged
DNMT3A2_606,CTTTGCTGAACTAGATGAAG,Missense,MTase,S828N,-0.076985892793172,unchanged
DNMT3A2_666,CCTCACCTTTGAAGAGAAAG,Essential,Control,None,-0.078016167873411,unchanged
DNMT3A2_450,CTCCTGGTGCTGAAGGACTT,Silent,MTase,None,-0.078248495866019,unchanged
DNMT3A2_453,GAAGGACTTGGGCATTCAGG,Silent,MTase,None,-0.078538442787166,unchanged
DNMT3A2_700,TCCATACGCGCGACCGGATA,Non-targeting,Control,None,-0.080017650888942,unchanged
DNMT3A2_444,TAACGGTGCTGTCTGCTGGC,Non-exon,Intron,None,-0.080287863184753,unchanged
DNMT3A2_232,AAGGGCCTGGAGCCACCAGA,Silent,Inter1,None,-0.081325487246585,unchanged
DNMT3A2_224,CTGGGGGGCTTCCAGCCTTC,No_C/Exon,Inter1,None,-0.08218639199447,unchanged
DNMT3A2_711,CCATGGTTTAGACACAACGG,Intergenic,Control,None,-0.082435045311041,unchanged
DNMT3A2_014,GACGGAGCCCCGGGGAGACC,Non-exon,Intron,None,-0.083749389397314,unchanged
DNMT3A2_695,CTAATCCGTCGTGTCGGACG,Non-targeting,Control,None,-0.084114439677283,unchanged
DNMT3A2_140,AGCGGGTGCCTTCAGCTGCT,No_C/Exon,PWWP,None,-0.084666699596873,unchanged
DNMT3A2_247,TAGGGATTCTTCTCTTCTGG,No_C/Exon,Inter1,None,-0.085764448053295,unchanged
DNMT3A2_555,GTGTGCAGCTGACACTTCTT,Missense,MTase,A788T,-0.08728995369115,unchanged
DNMT3A2_093,CTCGTCATCGCCTGCTTTGG,Missense,Nterm,D280N,-0.088672287215764,unchanged
DNMT3A2_718,GCCTCGTGGGATGCGTTGTG,Intergenic,Control,None,-0.090728162833262,unchanged
DNMT3A2_596,CCAGCAGAGGTTCTAGACGC,Non-exon,Intron,None,-0.09098780359784,unchanged
DNMT3A2_573,GGTGAAAGCTCCTGGGCCTG,No_C/Non-exon,Intron,None,-0.09132452107491,unchanged
DNMT3A2_449,GCTCCTGGTGCTGAAGGACT,Silent,MTase,None,-0.091547634946893,unchanged
DNMT3A2_729,AGTTGACAGCCTGAACCGGT,Intergenic,Control,None,-0.093082844231228,unchanged
DNMT3A2_068,TGGGCTGCTGCACAGCAGGA,Silent,Nterm,None,-0.094525099594552,unchanged
DNMT3A2_623,GCCAGATGCCAGCACAACCC,No_C/Non-exon,Intron,None,-0.095156401195927,unchanged
DNMT3A2_605,CTAGATGAAGAGGAGAAAAG,No_C/Non-exon,Intron,None,-0.095393674020084,unchanged
DNMT3A2_489,GATCGAATGGGCCCCACTCC,Missense,MTase,D702N,-0.09608493568954,unchanged
DNMT3A2_604,TTCTCCCTGCCCCCCAGCAG,Non-exon,Intron,None,-0.097450392053476,unchanged
DNMT3A2_225,CTTCCAGCCTTCTGGCCCTA,Nonsense,Inter1,"Q415*, P416S",-0.098090491432355,unchanged
DNMT3A2_311,TGGGAGCCTCAATGTTACCC,Missense,ADD,L500F,-0.098271390336602,unchanged
DNMT3A2_122,GGCATTGGGGAGCTGGTGTG,No_C/Exon,PWWP,None,-0.099671294160828,unchanged
DNMT3A2_297,TGGCACTCCTAGTGTGGCAT,Non-exon,Intron,None,-0.103026410864518,unchanged
DNMT3A2_070,TCAGTGGGCTGCTGCACAGC,No_C/Exon,Nterm,None,-0.103784553072323,unchanged
DNMT3A2_408,ATTTGTGAGTGCTGGGCCTG,No_C/Exon,Inter2,None,-0.104367929339897,unchanged
DNMT3A2_447,GCTGGCTGGTGCAGGGCTCC,Non-exon,Intron,None,-0.106456626697766,unchanged
DNMT3A2_086,GAGCCCGTGGGGTCCGATGC,Missense,Nterm,P264F,-0.106591033280666,unchanged
DNMT3A2_349,GGCCGTGAGGTGCTCATGTG,Missense,ADD,R544C,-0.109308317339689,unchanged
DNMT3A2_018,GCCCCGGGGAGACCGGGGGC,Non-exon,Intron,None,-0.110135943165779,unchanged
DNMT3A2_013,GGACGGAGCCCCGGGGAGAC,Non-exon,Intron,None,-0.110476172055716,unchanged
DNMT3A2_513,GGAAGCACCAGCTGAGAAGG,Non-exon,Intron,None,-0.111079817542897,unchanged
DNMT3A2_665,CTTACCTGGCTCTTCTTGGT,Essential,Control,None,-0.111481877689389,unchanged
DNMT3A2_147,TGGGTCATGTGGTTCGGAGA,Silent,PWWP,None,-0.111618123062959,unchanged
DNMT3A2_313,AACGAAGAGGGGGTGTTCCA,No_C/Exon,ADD,None,-0.112246950257082,unchanged
DNMT3A2_004,CTGCACCTGGCCTTATGGGT,Non-exon,5'-UTR,None,-0.113424065385535,unchanged
DNMT3A2_369,TGTGGACCTCTTGGTGGGGC,Missense,ADD,L565F,-0.113881813045634,unchanged
DNMT3A2_217,CCCATGATTGAATGGGCCCT,No_C/Exon,Inter1,None,-0.115986465213126,unchanged
DNMT3A2_080,CTCAGGCGTGGTAGCCACAG,Silent,Nterm,None,-0.11648002108501,unchanged
DNMT3A2_612,CTGGTCTTTGCCCTGCTTTA,Missense,MTase,D845N,-0.118809813811977,unchanged
DNMT3A2_253,AGAAGTGTACACGGACATGT,No_C/Exon,Inter1,None,-0.120667847909503,unchanged
DNMT3A2_576,TCCTGGGCCTGGGGGGCTGT,Non-exon,Intron,None,-0.121557545401061,unchanged
DNMT3A2_699,GAGGGACGTAATCCCGATCG,Non-targeting,Control,None,-0.122282755121992,unchanged
DNMT3A2_270,TAGTTGGCCTGCTTCTGGAG,Non-exon,Intron,None,-0.123825607262598,unchanged
DNMT3A2_236,TGCCCTCATTTACCTTCTGG,Non-exon,Intron,None,-0.125439276280699,unchanged
DNMT3A2_174,GTAGATGGCTTTGCGGTACA,No_C/Exon,Inter1,None,-0.125661975578966,unchanged
DNMT3A2_353,TGCTGCAGGTGAGGCTGTTG,Silent,ADD,None,-0.125784266918712,unchanged
DNMT3A2_251,GTCCGTGTACACTTCTTTGT,Silent,Inter1,None,-0.128054969009511,unchanged
DNMT3A2_496,CCATTCGATCTGGTGATTGG,Silent,MTase,None,-0.128296314656576,unchanged
DNMT3A2_499,GAGCAGGGTTGACGATGGAG,Missense,MTase,A719T,-0.131719463214987,unchanged
DNMT3A2_368,AGTGTGTGGACCTCTTGGTG,No_C/Exon,ADD,None,-0.137444782718014,unchanged
DNMT3A2_692,TCGCCCCGATTACGCGCATA,Non-targeting,Control,None,-0.137460218845148,unchanged
DNMT3A2_047,TTGGCTTTCTTCTCAGCCTG,Missense,Nterm,A218T,-0.138711138750016,unchanged
DNMT3A2_036,CCGTATCACACTCGTCTTTC,Missense,Nterm,Not_in_3A1,-0.13890483858643,unchanged
DNMT3A2_678,TATATCGCGGCGTCGTTACA,Non-targeting,Control,None,-0.139857329638633,unchanged
DNMT3A2_287,ACGAGGTGCGGCAGAAGTGC,No_C/Exon,ADD,None,-0.141523063153771,unchanged
DNMT3A2_172,CATGGGCTGCTTGTTGTACG,Silent,Inter1,None,-0.141897253911373,unchanged
DNMT3A2_424,CTGAGAAGAGGAAGCCCATC,No_C/Exon,Inter2,None,-0.142276040968712,unchanged
DNMT3A2_708,TCACCAGGGATAGCCCCATA,Intergenic,Control,None,-0.142536324038825,unchanged
DNMT3A2_267,ATTATTGATGAGCGCACAAG,No_C/Exon,Inter1,None,-0.14262980287371,unchanged
DNMT3A2_046,ATGGGAGAATAACTGGGGTT,No_C/Non-exon,Intron,None,-0.142804036473323,unchanged
DNMT3A2_511,GCACCAGCTGAGAAGGTGGA,Non-exon,Intron,None,-0.143358068667619,unchanged
DNMT3A2_237,GGGTGCCCTCATTTACCTTC,Non-exon,Intron,None,-0.144916293460088,unchanged
DNMT3A2_189,AGGGTGACACGCCAGGGTTG,Non-exon,Intron,None,-0.14557039963086,unchanged
DNMT3A2_726,TATAGGGGAACCCATACGTA,Intergenic,Control,None,-0.146867327784295,unchanged
DNMT3A2_390,AGGGTACCTACGGGCTGCTG,Missense,ADD,T591I,-0.146891317476203,unchanged
DNMT3A2_082,GCTACCACGCCTGAGCCCGT,Missense,Nterm,"T260I, T261M",-0.147154760412564,unchanged
DNMT3A2_709,TGTGGTGTGGTTGATCGCAA,Intergenic,Control,None,-0.149420333001957,unchanged
DNMT3A2_208,CGATGAGAGTGACACTGCCA,No_C/Exon,Inter1,None,-0.14970328519536,unchanged
DNMT3A2_103,CCCCCGGAAAGAGCTGGCCA,Non-exon,Intron,None,-0.1497185305761,unchanged
DNMT3A2_043,CTGTGCAATGGGAGAATAAC,Non-exon,Intron,None,-0.150171663662751,unchanged
DNMT3A2_609,GGAGTTTGACCTCGTAGTAA,No_C/Exon,MTase,None,-0.150342660634983,unchanged
DNMT3A2_657,AGGGACATGGGGGCAAACTG,Non-exon,3'-UTR,None,-0.151026884482996,unchanged
DNMT3A2_240,GGCAGGGGTCCCAGAAAGCT,No_C/Non-exon,Intron,None,-0.157291554434581,unchanged
DNMT3A2_283,GTACACCAGCCGCTCTGCAA,Missense,Inter1,V480I,-0.158632025446573,unchanged
DNMT3A2_547,TGGTTTGGCCAGCTCACTAA,No_C/Non-exon,Intron,None,-0.158729954753902,unchanged
DNMT3A2_530,GGGGCGATCATCTCCCTCCT,Missense,MTase,R749H,-0.160478048737389,unchanged
DNMT3A2_690,CTCGTACGACCGGACGTCTA,Non-targeting,Control,None,-0.162310582707712,unchanged
DNMT3A2_701,TAGTTATGTAGACGTCCTGC,Intergenic,Control,None,-0.165031405488227,unchanged
DNMT3A2_367,GAGTGTGTGGACCTCTTGGT,No_C/Exon,ADD,None,-0.169503725343015,unchanged
DNMT3A2_039,AGTGTGATACGGTGAAAGGA,No_C/Exon,Nterm,None,-0.17212863947092,unchanged
DNMT3A2_490,GGAGTGGGGCCCATTCGATC,No_C/Exon,MTase,None,-0.174740359813547,unchanged
DNMT3A2_243,TGGATCTGCCTGGCGGGCAG,Non-exon,Intron,None,-0.178151228196271,unchanged
DNMT3A2_342,TCCTACTGCACCATCTGCTG,Silent,ADD,None,-0.178347766987525,unchanged
DNMT3A2_262,GCTTCTCCGCTGTGCTCTTC,Missense,Inter1,E463K,-0.182082367155528,unchanged
DNMT3A2_399,TAGCGAAGAACATCTGGAGC,Missense,ADD,A610T,-0.183414411032781,unchanged
DNMT3A2_361,GAAGGAGACCCAGTGAGCAG,No_C/Non-exon,Intron,None,-0.186999446808237,unchanged
DNMT3A2_233,ATTTACCTTCTGGTGGCTCC,Splice,Splice,E427K,-0.187714620348218,unchanged
DNMT3A2_723,TGGGTTGGATGCCACTAACC,Intergenic,Control,None,-0.18861555026463,unchanged
DNMT3A2_575,TGAAAGCTCCTGGGCCTGGG,Non-exon,Intron,None,-0.188780237912755,unchanged
DNMT3A2_033,GAGCGGGTTGTGAGAAGGAA,Missense,Nterm,Not_in_3A1,-0.1887906479192,unchanged
DNMT3A2_715,TGGGCCTCTGTAAACGGCAC,Intergenic,Control,None,-0.189582135230487,unchanged
DNMT3A2_107,TTTCTGCTCCTTGGGGCTCC,Non-exon,Intron,None,-0.192610629920183,unchanged
DNMT3A2_286,AGCGGCTGGTGTACGAGGTG,Silent,Inter1,None,-0.19407977173851,unchanged
DNMT3A2_599,AGCGTCTAGAACCTCTGCTG,Non-exon,Intron,None,-0.198304283952382,unchanged
DNMT3A2_266,ATCAATAATCTCCTTGACCT,No_C/Exon,Inter1,None,-0.199244084766375,unchanged
DNMT3A2_229,TCCAGGCCCTTAGGGCCAGA,Missense,Inter1,G421N,-0.200537373884484,unchanged
DNMT3A2_264,AGCGGAGAAGCCCAAGGTCA,No_C/Exon,Inter1,None,-0.204180828299858,unchanged
DNMT3A2_684,CGTGTCGTTATTCGCGAATC,Non-targeting,Control,None,-0.208571721437882,unchanged
DNMT3A2_469,CAGGGGAAGATCATGTACGT,No_C/Exon,MTase,None,-0.212498406674367,unchanged
DNMT3A2_452,GCTGAAGGACTTGGGCATTC,No_C/Exon,MTase,None,-0.212642056306107,unchanged
DNMT3A2_366,GGAGTGTGTGGACCTCTTGG,No_C/Exon,ADD,None,-0.212963895000446,unchanged
DNMT3A2_206,TCATCGCTGTCGTGGCACAC,Missense,Inter1,"S390N, D391N",-0.21392551202695,unchanged
DNMT3A2_031,TCCTGGAGCGGGTTGTGAGA,No_C/Exon,Nterm,None,-0.215503147255842,unchanged
DNMT3A2_364,ACACTCCACGCAAAAGCACC,Missense,ADD,E561K,-0.217726839110664,unchanged
DNMT3A2_716,TGATATCTGTTCACTACGGT,Intergenic,Control,None,-0.217836533121591,unchanged
DNMT3A2_338,TGCTGTCTAGAACTGCTTTC,Non-exon,Intron,None,-0.219657700327019,unchanged
DNMT3A2_668,CCTACCTGAAACACTGACCT,Essential,Control,None,-0.22137182435504,unchanged
DNMT3A2_696,GACTCCGAAACGTACCGTCG,Non-targeting,Control,None,-0.226207274338742,unchanged
DNMT3A2_475,GCATGTATGTCCATGCTGTG,No_C/Exon,MTase,None,-0.226919618426483,unchanged
DNMT3A2_703,CTCTGGAAGACTTTAGCCGC,Intergenic,Control,None,-0.228158902401465,unchanged
DNMT3A2_075,GTAGCCACAGTGGGGGATGC,Missense,Nterm,"V258I, A259T",-0.232275089278831,unchanged
DNMT3A2_169,GCACTGCAAAACGAGCTCAG,Missense,Inter1,"C351Y, S352N",-0.233345786741963,unchanged
DNMT3A2_344,CCTACTGCACCATCTGCTGT,Silent,ADD,None,-0.237765951379677,unchanged
DNMT3A2_385,CCTGGAACTGCTACATGTGC,Silent,ADD,None,-0.239127072694667,unchanged
DNMT3A2_663,ACGTACCTGTTGAAAAGTGC,Essential,Control,None,-0.248109388052426,unchanged
DNMT3A2_045,GTGCAATGGGAGAATAACTG,Non-exon,Intron,None,-0.249572203830195,unchanged
DNMT3A2_250,TCCGTGTACACTTCTTTGTA,No_C/Exon,Inter1,None,-0.256942552085244,unchanged
DNMT3A2_382,CCGCACATGTAGCAGTTCCA,Missense,ADD,"M585I, C586Y",-0.256961679035868,unchanged
DNMT3A2_417,GGGACAGGTGGGTAAACCTT,Missense,Inter2,V626I,-0.257446118364466,unchanged
DNMT3A2_670,ACTACCTTATGATAGAGTTC,Essential,Control,None,-0.264765385190833,unchanged
DNMT3A2_191,GGAGGGTGACACGCCAGGGT,No_C/Non-exon,Intron,None,-0.266520043302583,unchanged
DNMT3A2_541,CATGGGCGTTAGTGACAAGA,Silent,MTase,None,-0.266736889340826,unchanged
DNMT3A2_207,TGTCACTCTCATCGCTGTCG,Missense,Inter1,"S393N, D394N",-0.268350997485079,unchanged
DNMT3A2_040,GTGATACGGTGAAAGGATGG,Missense,Nterm,Not_in_3A1,-0.275394389311228,unchanged
DNMT3A2_073,TGACCCCGCATCCCCCACTG,Missense,Nterm,P253F,-0.297736368129547,unchanged
DNMT3A2_552,GGCATCAATCATCACAGGGT,Missense,MTase,D781N,-0.298169869748337,unchanged
DNMT3A2_009,TAGGTTCCTGGACGGAGCCC,Non-exon,Intron,None,-0.304978104368901,unchanged
DNMT3A2_714,GGAGTAAACCCGCATGATGG,Intergenic,Control,None,-0.320339967928311,unchanged
DNMT3A2_679,TTCCGTTAGTATGCCGTACG,Non-targeting,Control,None,-0.324970591445095,unchanged
DNMT3A2_037,CCTGAAAGACGAGTGTGATA,No_C/Exon,Nterm,None,-0.329725364623077,unchanged
DNMT3A2_649,CCTTCAGCGGAGCGAAGAGG,Silent,MTase,None,-0.355924358949666,unchanged
DNMT3A2_728,CAGGCCATTATAACGTAATG,Intergenic,Control,None,-0.361193637513531,unchanged
DNMT3A2_288,GCAGAAGTGCCGGAACATTG,No_C/Exon,ADD,None,-0.362890662765183,unchanged
DNMT3A2_398,AGCGAAGAACATCTGGAGCC,No_C/Exon,ADD,None,-0.368328335503892,unchanged
DNMT3A2_021,TCCCCGCCCCCGGTCTCCCC,Non-exon,Intron,None,-0.37081725470412,unchanged
DNMT3A2_260,TTCTCCGCTGTGCTCTTCCG,Missense,Inter1,"A462T, E463K",-0.371613696589828,unchanged
DNMT3A2_312,GGTGTTCCAGGGTAACATTG,Missense,ADD,E505K,-0.388036335740544,unchanged
DNMT3A2_633,ACTGGGAAACCAAATACCCT,No_C/Exon,MTase,None,-0.396062811310214,unchanged
DNMT3A2_381,CGCACATGTAGCAGTTCCAG,Missense,ADD,M585I,-0.397556923811152,unchanged
DNMT3A2_310,GGTAACATTGAGGCTCCCAC,Missense,ADD,V502I,-0.407768432173724,unchanged
DNMT3A2_654,TGCGTGTGTGTAAGGGACAT,No_C/Exon,MTase,None,-0.411606387868093,unchanged
DNMT3A2_154,GTGGGGTTTGGCAGTAGCCT,No_C/Non-exon,Intron,None,-0.435163031984107,depleted
DNMT3A2_422,TGGGCTTCCTCTTCTCAGCT,Silent,Inter2,None,-0.461357170787907,depleted
DNMT3A2_269,AGAGGTAGTTGGCCTGCTTC,No_C/Exon,Inter1,None,-0.465899355075589,depleted
DNMT3A2_343,CCCACAGCAGATGGTGCAGT,Missense,ADD,"C540Y, C541Y",-0.469470668428329,depleted
DNMT3A2_032,TCCTTCTCACAACCCGCTCC,Missense,Nterm,Not_in_3A1,-0.47035845554784,depleted
DNMT3A2_044,TGTGCAATGGGAGAATAACT,Non-exon,Intron,None,-0.575191887392657,depleted
DNMT3A2_664,TAAAATACCTCCATTGATTC,Essential,Control,None,-0.665070437879572,depleted
DNMT3A2_414,TCCTAAGCAGTGAGCACAAC,Non-exon,Intron,None,-0.720477558242131,depleted
DNMT3A2_340,GGTAGCCGTCGTCGTCGTAC,Missense,ADD,G532N,-1.16070577148776,depleted
