sgRNA_ID	sgRNA_seq	Mut_type	Domain	Mutation_list	sgRNA_score_d9_citrine_positive	Hit_status	boostDM_score	boostDM_pred
DNMT3A2_486	GCCCCACTCCTGGATCTGGG	Nonsense	MTase	W698*	1.75105117171157	enriched	0.99533725	1
DNMT3A2_532	TCTCAAAGAGCCAGAAGAAG	Missense	MTase	E756K	1.63504724512201	enriched	0.74485445	1
DNMT3A2_339	GCGTACCAGTACGACGACGA	Nonsense	ADD	Q527*	1.60153748937702	enriched	0.98647135	1
DNMT3A2_522	ACCGCCTCCTGCATGATGCG	Missense	MTase	L737F	1.59845311467691	enriched	0.97920114	1
DNMT3A2_428	CATCAAAGAGAGACAGCACC	Missense	MTase	D641N	1.45568175614166	enriched	0.7901425	1
DNMT3A2_145	TCCGAACCACATGACCCAGC	Nonsense	PWWP	W330*	1.42484318591238	enriched	0.98900956	1
DNMT3A2_534	ATTCTCAAAGAGCCAGAAGA	Missense	MTase	E756K	1.35693784054489	enriched	0.74485445	1
DNMT3A2_151	ATTCTCAGTGGTAAGTTGTG	Missense	PWWP	S337L	1.34341624975783	enriched	0.98887306	1
DNMT3A2_462	GGACTCCATCACGGTGGGCA	Missense	MTase	S669F	1.3130930685326	enriched	0.86404777	1
DNMT3A2_533	TTCTCAAAGAGCCAGAAGAA	Missense	MTase	E756K	1.25018718000907	enriched	0.74485445	1
DNMT3A2_322	ATGTGCCAAAACTGCAAGGT	Nonsense	ADD	Q515*	1.07949877864636	enriched	0.97710466	1
DNMT3A2_149	AAATTCTCAGTGGTAAGTTG	Missense	PWWP	S337L	1.07630606559591	enriched	0.98887306	1
DNMT3A2_458	GGAGTCCTCACACACCTCCG	Missense	MTase	D668N	1.04814407100061	enriched	0.14860141	0
DNMT3A2_137	TGTCTTGGTGGATGACGGGC	Missense	PWWP	S312F	0.956100247772697	enriched	0.9495854	1
DNMT3A2_336	AAGCAGTTCTAGACAGCAGC	Missense	ADD	C520Y	0.915777268859772	enriched	0.0018234195	0
DNMT3A2_631	TGGGAAACCAAATACCCTGG	Missense	MTase	G869D	0.909494547965452	enriched	0.59686977	1
DNMT3A2_592	CTGCAGGAGTGTCTGGAGCA	Nonsense	MTase	Q816*	0.874551418132839	enriched	0.9650605	1
DNMT3A2_150	AATTCTCAGTGGTAAGTTGT	Missense	PWWP	S337L	0.863940018895282	enriched	0.98887306	1
DNMT3A2_564	GTAACCTTCCCGGTATGAAC	Missense	MTase	L798F	0.863492384050997	enriched	0.9880278	1
DNMT3A2_491	GGCCCATTCGATCTGGTGAT	Missense	MTase	P700L	0.84209697766171	enriched	0.99065095	1
DNMT3A2_644	CGAGGCAGAGACTGCTGGGC	Nonsense	MTase	Q886*	0.78855460437565	enriched	0.98759013	1
DNMT3A2_464	CCATCACGGTGGGCATGGTG	Missense	MTase	T671M	0.714198954687721	enriched	0.38935465	0
DNMT3A2_614	TCTTTCTCATTCATGAAGAC	Missense	MTase	E854K	0.705059418698608	enriched	0.03967439	0
DNMT3A2_588	ATCCACTGTGAATGATAAGC	Missense	MTase	T808I	0.691161247248188	enriched	0.055199094	0
DNMT3A2_281	ACCAGCCGCTCTGCAAGGGG	Missense	Inter1	R478Q	0.690205783041574	enriched	0.012239654	0
DNMT3A2_175	GTACCGCAAAGCCATCTACG	Missense	Inter1	R366C	0.596685615161994	enriched	0.12535201	0
DNMT3A2_457	CATTGCCTCGGAGGTGTGTG	Missense	MTase	A662V	0.58849549242193	enriched	0.6986541	1
DNMT3A2_388	TGCGGGCACAAGGGTACCTA	Missense	ADD	H588Y	0.570403173249423	enriched	0.025846679	0
DNMT3A2_164	CTTCTCAACACACACCTGGG	Missense	PWWP	E342K	0.543951549028049	enriched	0.16191302	0
DNMT3A2_611	AGGTCAAACTCCATAAAGCA	Missense	MTase	S837L	0.533211932478858	enriched	0.20481148	0
DNMT3A2_561	AAGGTTACCCCAGAAGTAGC	Missense	MTase	G796D	0.5288955878978	enriched	0.62526023	1
DNMT3A2_128	AACTGCGGGGCTTCTCCTGG	Missense	PWWP	R301W	0.520849943285683	enriched	0.70904225	1
DNMT3A2_651	ACTCCTTCAGCGGAGCGAAG	Missense	MTase	E907K	0.507913692992932	enriched	0.7740267	1
DNMT3A2_337	AAAGCAGTTCTAGACAGCAG	Missense	ADD	C520Y	0.49586177599459	enriched	0.0018234195	0
DNMT3A2_523	GCCGCGCATCATGCAGGAGG	Missense	MTase	A741T	0.492193728288991	enriched	0.99048597	1
DNMT3A2_639	CCTCGCCAAGCGGCTCATGT	Missense	MTase	A884T	0.465642408486692	enriched	0.71714705	1
DNMT3A2_524	TGGGCCGCGCATCATGCAGG	Missense	MTase	R742Q	0.447142483743247	enriched	0.15763539	0
DNMT3A2_346	TACTGCACCATCTGCTGTGG	Missense	ADD	T538I	0.444427047975043	enriched	0.45691118	0
DNMT3A2_638	CGTCTCCAACATGAGCCGCT	Missense	MTase	S878F	0.44396217003772	enriched	0.7784001	1
DNMT3A2_210	TGACACTGCCAAGGCCGTGG	Missense	Inter1	T395I	0.439321409979549	enriched	0.01812154	0
DNMT3A2_133	CAGGCCGCATTGTGTCTTGG	Missense	PWWP	R309C	0.438950111444403	enriched	0.86264527	1
DNMT3A2_536	CTGGCTCTTTGAGAATGTGG	Missense	MTase	L754F	0.435674528061355	enriched	0.884064	1
DNMT3A2_650	CCACCTCTTCGCTCCGCTGA	Missense	MTase	L901F	0.415047514481243	unchanged	0.9964849	1
DNMT3A2_115	GACGGCCGGGGCTTTGGCAT	Missense	Nterm	R288W	0.408560971053592	unchanged	0.0052394285	0
DNMT3A2_051	AAGAAAGCCAAGGTCATTGC	Missense	Nterm	A218V	0.396816276431558	unchanged	0.0011292632	0
DNMT3A2_136	ATTGTGTCTTGGTGGATGAC	Missense	PWWP	S312F	0.396796150151722	unchanged	0.9495854	1
DNMT3A2_653	TTGCGTGTGTGTAAGGGACA	Missense	MTase	A910V	0.3923436864285	unchanged	0.7784001	1
DNMT3A2_372	GGACCTCTTGGTGGGGCCGG	Missense	ADD	L565F	0.391892162239343	unchanged	0.000982565	0
DNMT3A2_535	CTTCTGGCTCTTTGAGAATG	Missense	MTase	L754F	0.391028308237324	unchanged	0.884064	1
DNMT3A2_652	CACGCAAAATACTCCTTCAG	Missense	MTase	A910T	0.382505981748281	unchanged	0.075557515	0
DNMT3A2_377	GTCTTCCTTAATGGCTGCCT	Missense	ADD	E578K	0.365088047034958	unchanged	0.005266211	0
DNMT3A2_560	CACAGGGCCCGCTACTTCTG	Missense	MTase	A791V	0.363927811780766	unchanged	0.9256804	1
DNMT3A2_610	GAGGTCAAACTCCATAAAGC	Missense	MTase	S837L	0.347896175974475	unchanged	0.20481148	0
DNMT3A2_132	CACCAAGACACAATGCGGCC	Nonsense	PWWP	W313*	0.324592791890341	unchanged	0.9155324499999999	1
DNMT3A2_448	TGCAGGGCTCCTGGTGCTGA	Missense	MTase	L647F	0.307801284467316	unchanged	0.1267105	0
DNMT3A2_401	CTTCGCTAATAACCACGACC	Missense	ADD	A610V	0.302645304382261	unchanged	0.29598537	0
DNMT3A2_594	GGAGCATGGCAGGATAGCCA	Missense	MTase	H821Y	0.28207928596296	unchanged	0.14173907	0
DNMT3A2_526	CCTGCATGATGCGCGGCCCA	Missense	MTase	H739Y	0.2804199252066	unchanged	0.88966614	1
DNMT3A2_307	CCACAGGAGATGCAGATGTC	Missense	ADD	C497Y	0.276820887018008	unchanged	0.8155476	1
DNMT3A2_421	TTCCTCTTCTCAGCTGGGAC	Missense	Inter2	R631K	0.276734519306992	unchanged	0.5823048	1
DNMT3A2_263	GAGCACAGCGGAGAAGCCCA	Missense	Inter1	T461I	0.275037796914569	unchanged	0.024547344	0
DNMT3A2_320	GGCACATTCCTCCAACGAAG	Missense	ADD	M513I	0.251298427554882	unchanged	0.031364165	0
DNMT3A2_518	GCCAGTGCCCTCTGAGAGGT	Missense	MTase	G726D	0.24998603954941	unchanged	0.668241	1
DNMT3A2_142	AGCAGCTGAAGGCACCCGCT	Missense	PWWP	A322V	0.246073588702112	unchanged	0.34608665	0
DNMT3A2_455	GGACCGCTACATTGCCTCGG	Missense	MTase	R659C	0.240331170916878	unchanged	0.61188835	1
DNMT3A2_214	GAACAAGCCCATGATTGAAT	Missense	Inter1	P405S	0.225341412166847	unchanged	0.025948433	0
DNMT3A2_081	GGCTACCACGCCTGAGCCCG	Missense	Nterm	T260I	0.223513044781161	unchanged	0.0061245677	0
DNMT3A2_201	AGGTGGCCAGCAGCCGCGCG	Missense	Inter1	A376V	0.222842380284928	unchanged	0.9158706	1
DNMT3A2_228	GCCTTCTGGCCCTAAGGGCC	Missense	Inter1	S417F	0.220885431136753	unchanged	0.0016527446	0
DNMT3A2_261	CTTCTCCGCTGTGCTCTTCC	Missense	Inter1	E463K	0.187420844905847	unchanged	0.0039263787	0
DNMT3A2_500	CTTGCGAGCAGGGTTGACGA	Missense	MTase	R720H	0.177469630549394	unchanged	0.70123386	1
DNMT3A2_451	TGCCCAAGTCCTTCAGCACC	Missense	MTase	G654S	0.176934489860131	unchanged	0.74485445	1
DNMT3A2_063	TCCACCTTCTGAGACTCCCC	Missense	Nterm	V239M	0.172133823179322	unchanged	0.006795208	0
DNMT3A2_173	TAGATGGCTTTGCGGTACAT	Missense	Inter1	A368T	0.168603149290704	unchanged	0.98050326	1
DNMT3A2_166	AGCTTCTCAACACACACCTG	Missense	PWWP	E342K	0.164063764525943	unchanged	0.16191302	0
DNMT3A2_394	TGCTGCGGCGGCGAGAGGAC	Missense	ADD	R596W	0.16340118886109	unchanged	0.024029898	0
DNMT3A2_641	GCAGTCTCTGCCTCGCCAAG	Missense	MTase	R887K	0.153900414512866	unchanged	0.4310629	0
DNMT3A2_143	AAGGCACCCGCTGGGTCATG	Missense	PWWP	T325I	0.153791447999427	unchanged	0.857483	1
DNMT3A2_116	ACGGCCGGGGCTTTGGCATT	Missense	Nterm	R288W	0.152016509481715	unchanged	0.0052394285	0
DNMT3A2_528	CATGATGCGCGGCCCAAGGA	Missense	MTase	A741V	0.145634470183489	unchanged	0.9479131	1
DNMT3A2_492	GCCCATTCGATCTGGTGATT	Missense	MTase	P700L	0.142697457875568	unchanged	0.99065095	1
DNMT3A2_055	AATGCTGTGGAAGAAAACCA	Missense	Nterm	A226V	0.142363531572852	unchanged	0.0026836656	0
DNMT3A2_200	CAGGTGGCCAGCAGCCGCGC	Missense	Inter1	A376V	0.140958258270158	unchanged	0.9158706	1
DNMT3A2_493	CCCCAATCACCAGATCGAAT	Missense	MTase	G706R	0.140087524025074	unchanged	0.84247315	1
DNMT3A2_180	CTGCAGGTGAGTGTCCCTGC	Nonsense	Inter1	Q374*	0.132408342880461	unchanged	0.9900508	1
DNMT3A2_418	TCTTCTCAGCTGGGACAGGT	Missense	Inter2	E629K	0.129979581442659	unchanged	0.08167502	0
DNMT3A2_282	TACACCAGCCGCTCTGCAAG	Missense	Inter1	V480M	0.12966959999674	unchanged	0.0021604921	0
DNMT3A2_379	CAGCCATTAAGGAAGACCCC	Missense	ADD	A575V	0.127162382487333	unchanged	0.016708534	0
DNMT3A2_049	CCTTGGCTTTCTTCTCAGCC	Missense	Nterm	A218T	0.126433143072521	unchanged	0.0018029059	0
DNMT3A2_053	CATTGCAGGAATGAATGCTG	Missense	Nterm	A222V	0.117174239572894	unchanged	0.0011298687	0
DNMT3A2_371	TGGACCTCTTGGTGGGGCCG	Missense	ADD	L565F	0.115934681970831	unchanged	0.000982565	0
DNMT3A2_054	GAATGCTGTGGAAGAAAACC	Missense	Nterm	A226V	0.106150068012576	unchanged	0.0026836656	0
DNMT3A2_646	TGACTGGCACGCTCCATGAC	Missense	MTase	V897I	0.095265697286463	unchanged	0.7740267	1
DNMT3A2_117	CGGCCGGGGCTTTGGCATTG	Missense	Nterm	R288W	0.092985962077925	unchanged	0.0052394285	0
DNMT3A2_473	AAGCATGTATGTCCATGCTG	Missense	MTase	H694Y	0.088147733719095	unchanged	0.5600834	1
DNMT3A2_374	GGTGGGGCCGGGGGCTGCCC	Missense	ADD	P569S	0.084192246229067	unchanged	0.002880026	0
DNMT3A2_642	CTTGGCGAGGCAGAGACTGC	Missense	MTase	A884V	0.082136857206063	unchanged	0.96662474	1
DNMT3A2_585	GTGGATGCCAACGGCCTAGG	Missense	MTase	A806T	0.079010907544769	unchanged	0.0014775997	0
DNMT3A2_420	CACCTGTCCCAGCTGAGAAG	Missense	Inter2	P625L	0.074669798667956	unchanged	0.5660785	1
DNMT3A2_314	CAACGAAGAGGGGGTGTTCC	Missense	ADD	V510I	0.066226860659273	unchanged	0.00022656891	0
DNMT3A2_380	GTTCCAGGGGTCTTCCTTAA	Nonsense	ADD	W581*	0.054313697406336	unchanged	0.9797496	1
DNMT3A2_094	TGGCTCGTCATCGCCTGCTT	Missense	Nterm	E281K	0.052642361105469	unchanged	0.004943201	0
DNMT3A2_391	GTACCTACGGGCTGCTGCGG	Missense	ADD	T591I	0.051031900777778	unchanged	0.0048867506	0
DNMT3A2_130	CACAATGCGGCCTGGCCACC	Missense	PWWP	R309H	0.051002435980006	unchanged	0.03421335	0
DNMT3A2_076	GGTAGCCACAGTGGGGGATG	Missense	Nterm	A259T	0.047827509089416	unchanged	0.004157994	0
DNMT3A2_554	TCTTTGGCATCAATCATCAC	Missense	MTase	A782T	0.047381618936481	unchanged	0.62526023	1
DNMT3A2_403	GACCAGGAATTTGTGAGTGC	Nonsense	Inter2	Q615*	0.042029632875396	unchanged	0.9975414	1
DNMT3A2_114	TGCCAAAGCCCCGGCCGTCC	Missense	Nterm	G291S	0.041246437963347	unchanged	0.19664295	0
DNMT3A2_087	AGCCCGTGGGGTCCGATGCT	Missense	Nterm	P264L	0.038801896714198	unchanged	0.04181603	0
DNMT3A2_138	GGCCGGAGCCGAGCAGCTGA	Missense	PWWP	R318W	0.036358544646568	unchanged	0.0057360674	0
DNMT3A2_096	GAGCCAGAGTACGAGGTGAG	Missense	Nterm	P282L	0.035576294900343	unchanged	0.002959783	0
DNMT3A2_197	CGCGGCTGCTGGCCACCTGG	Missense	Inter1	S378N	0.033569080206098	unchanged	0.0013144416	0
DNMT3A2_397	GAAGAACATCTGGAGCCGGG	Missense	ADD	M607I	0.018172982210781	unchanged	0.0020007421	0
DNMT3A2_370	GTGGACCTCTTGGTGGGGCC	Missense	ADD	L565F	0.016254526841809	unchanged	0.000982565	0
DNMT3A2_204	CCGCGCGGGGAAGCTGTTCC	Missense	Inter1	A380V	0.015557299931431	unchanged	0.008872872	0
DNMT3A2_144	ACCCGCTGGGTCATGTGGTT	Missense	PWWP	R326C	0.008722611873286	unchanged	0.9889416	1
DNMT3A2_553	CTTTGGCATCAATCATCACA	Missense	MTase	A782T	0.004308307077486	unchanged	0.62526023	1
DNMT3A2_216	CCCAGGGCCCATTCAATCAT	Missense	Inter1	A410T	-0.000861541985897	unchanged	0.57406443	1
DNMT3A2_285	TGCAGAGCGGCTGGTGTACG	Missense	Inter1	R478W	-0.000904291703415	unchanged	0.0012483331	0
DNMT3A2_419	CTCTTCTCAGCTGGGACAGG	Missense	Inter2	E629K	-0.002811969570665	unchanged	0.08167502	0
DNMT3A2_389	GCGGGCACAAGGGTACCTAC	Missense	ADD	H588Y	-0.007361761641465	unchanged	0.025846679	0
DNMT3A2_454	GGTGGACCGCTACATTGCCT	Missense	MTase	R659C	-0.00928035131297	unchanged	0.61188835	1
DNMT3A2_256	GGTGCGTAGGCAGCTGCCTC	Missense	Inter1	A449T	-0.012536826608828	unchanged	0.009754728	0
DNMT3A2_165	GCTTCTCAACACACACCTGG	Missense	PWWP	E342K	-0.01282927716813	unchanged	0.16191302	0
DNMT3A2_202	CAGCTTCCCCGCGCGGCTGC	Missense	Inter1	G381E	-0.017624431703403	unchanged	0.075557515	0
DNMT3A2_085	GCATCGGACCCCACGGGCTC	Missense	Nterm	D268N	-0.017707290134873	unchanged	0.0011617766	0
DNMT3A2_268	ATGAGCGCACAAGAGGTAGT	Missense	Inter1	R474C	-0.018573986429858	unchanged	0.0023222016	0
DNMT3A2_396	AAGAACATCTGGAGCCGGGA	Missense	ADD	M607I	-0.021846693523455	unchanged	0.0020007421	0
DNMT3A2_227	GGCCCTTAGGGCCAGAAGGC	Missense	Inter1	G421S	-0.026687414173312	unchanged	0.57406443	1
DNMT3A2_056	ATGCTGTGGAAGAAAACCAG	Missense	Nterm	A226V	-0.031093831778826	unchanged	0.0026836656	0
DNMT3A2_315	CTGGAACACCCCCTCTTCGT	Missense	ADD	H506Y	-0.036314827723399	unchanged	0.19944839	0
DNMT3A2_643	TTGGCGAGGCAGAGACTGCT	Missense	MTase	A884V	-0.038073378800959	unchanged	0.96662474	1
DNMT3A2_630	CAAATACCCTGGGGGAGAAA	Missense	MTase	V867I	-0.059165652824165	unchanged	0.003849133	0
DNMT3A2_131	GGCCAGGCCGCATTGTGTCT	Missense	PWWP	P307L	-0.059215466162508	unchanged	0.98887306	1
DNMT3A2_048	CTTGGCTTTCTTCTCAGCCT	Missense	Nterm	A218T	-0.063014509587771	unchanged	0.0018029059	0
DNMT3A2_050	CCAGGCTGAGAAGAAAGCCA	Missense	Nterm	A214V	-0.070076420769321	unchanged	0.0011287691	0
DNMT3A2_606	CTTTGCTGAACTAGATGAAG	Missense	MTase	S828N	-0.076985892793172	unchanged	0.0019034017	0
DNMT3A2_555	GTGTGCAGCTGACACTTCTT	Missense	MTase	A788T	-0.08728995369115	unchanged	0.08167502	0
DNMT3A2_093	CTCGTCATCGCCTGCTTTGG	Missense	Nterm	D280N	-0.088672287215764	unchanged	0.013783954	0
DNMT3A2_489	GATCGAATGGGCCCCACTCC	Missense	MTase	D702N	-0.09608493568954	unchanged	0.98019296	1
DNMT3A2_311	TGGGAGCCTCAATGTTACCC	Missense	ADD	L500F	-0.098271390336602	unchanged	0.0064005232	0
DNMT3A2_349	GGCCGTGAGGTGCTCATGTG	Missense	ADD	R544C	-0.109308317339689	unchanged	0.004326324	0
DNMT3A2_369	TGTGGACCTCTTGGTGGGGC	Missense	ADD	L565F	-0.113881813045634	unchanged	0.000982565	0
DNMT3A2_612	CTGGTCTTTGCCCTGCTTTA	Missense	MTase	D845N	-0.118809813811977	unchanged	0.041390907	0
DNMT3A2_499	GAGCAGGGTTGACGATGGAG	Missense	MTase	A719T	-0.131719463214987	unchanged	0.60793716	1
DNMT3A2_047	TTGGCTTTCTTCTCAGCCTG	Missense	Nterm	A218T	-0.138711138750016	unchanged	0.0018029059	0
DNMT3A2_390	AGGGTACCTACGGGCTGCTG	Missense	ADD	T591I	-0.146891317476203	unchanged	0.0048867506	0
DNMT3A2_530	GGGGCGATCATCTCCCTCCT	Missense	MTase	R749H	-0.160478048737389	unchanged	0.74485445	1
DNMT3A2_262	GCTTCTCCGCTGTGCTCTTC	Missense	Inter1	E463K	-0.182082367155528	unchanged	0.0039263787	0
DNMT3A2_399	TAGCGAAGAACATCTGGAGC	Missense	ADD	A610T	-0.183414411032781	unchanged	0.0145486975	0
DNMT3A2_364	ACACTCCACGCAAAAGCACC	Missense	ADD	E561K	-0.217726839110664	unchanged	0.06647478	0
DNMT3A2_417	GGGACAGGTGGGTAAACCTT	Missense	Inter2	V626I	-0.257446118364466	unchanged	0.0064664586	0
DNMT3A2_552	GGCATCAATCATCACAGGGT	Missense	MTase	D781N	-0.298169869748337	unchanged	0.16209044	0
DNMT3A2_312	GGTGTTCCAGGGTAACATTG	Missense	ADD	E505K	-0.388036335740544	unchanged	0.0018029059	0
DNMT3A2_381	CGCACATGTAGCAGTTCCAG	Missense	ADD	M585I	-0.397556923811152	unchanged	0.36286060000000003	0
DNMT3A2_310	GGTAACATTGAGGCTCCCAC	Missense	ADD	V502I	-0.407768432173724	unchanged	0.0017834889	0
